time,l_shoulder,r_shoulder,l_hip,r_hip
296.96,56.9824718662,39.4590305748,-33.7813287704,-11.8232624928
296.98,59.2042681148,47.1878296519,-40.2132575516,-19.0126346557
297,59.8164713087,52.4926104719,-43.2903838697,-25.2519562435
297.02,59.4286375612,56.0652452544,-45.7121598036,-29.4973724848
297.04,57.5876229736,59.6016823751,-48.5948096784,-33.7154527939
297.06,54.0321378681,60.4486343327,-47.3398846078,-38.3335646173
297.08,49.8636099579,60.310405935,-45.7503346562,-40.8688566189
297.1,46.2937417167,61.7426702511,-46.3570470701,-44.6424304349
297.12,42.4590076925,61.5844689019,-44.278292129,-48.2494152336
297.14,37.3857004569,58.3195426984,-40.1712710268,-47.4646493557
297.16,32.1763408714,56.7354016164,-37.3002504087,-47.7234988321
297.18,28.0826515053,55.5577879901,-33.5660139669,-49.0127304447
297.2,24.3638255187,53.8396717634,-30.2311697913,-48.3202482487
297.22,21.0574339023,52.0724491124,-27.8030112809,-47.2953364232
297.24,19.6975992363,50.4999551457,-24.4482684529,-46.8093844771
297.26,17.7033007761,45.9144301938,-19.2682311844,-42.1553025057
297.28,15.3060414004,41.5407451098,-14.5896149821,-36.245395513
297.3,16.3214007993,39.4683842922,-11.6374328537,-31.5439178771
297.32,16.2204266308,36.5594400933,-8.8363500899,-26.0839542079
297.34,15.4556380421,33.69851234,-7.2031089366,-21.9531533671
297.36,16.527404587,31.4400035205,-5.3678980864,-19.2443285339
297.38,15.3731187595,25.2695205912,-1.2409583764,-12.9859270799
297.4,13.9277563253,20.9402805085,1.3387436655,-8.8474510291
297.42,13.0126796471,18.1913494842,4.3478437797,-5.2754262767
297.44,12.7976932819,13.6400480672,6.6882474894,0.9305333118
297.46,10.6117251928,10.3233472918,8.7793243656,5.9555940181
297.48,10.566257929,8.615875877,10.3220780634,7.7220759354
297.5,10.4498246694,5.1133995251,11.9129245507,11.037632895
297.52,8.7959672804,1.4898386729,13.6068849565,14.9165267239
297.54,7.8382718849,-1.4269057145,16.0901378521,17.9502838081
297.56,4.9425357069,-6.0444965612,20.2519964242,22.6124094392
297.58,0.3108841989,-10.6880294101,24.660354528,27.6913324128
297.6,1.2859012992,-11.1982793264,24.9364155279,28.401159504
297.62,2.1738332932,-12.8036514256,25.0562645449,30.715277857
297.64,3.1817711132,-12.9832639436,23.6404661434,32.2596606051
297.66,4.9081600089,-12.4590840101,23.2539188679,31.7858683333
297.68,5.0143977304,-12.1969013474,23.2045911632,32.2361060128
297.7,6.5194583461,-11.2770359954,21.0208753661,32.4645914473
297.72,8.7634057684,-8.1786157932,19.3171793961,29.0361956422
297.74,10.3113110356,-7.6972015925,18.1595542948,28.5995854954
297.76,12.0956046075,-6.4367625876,15.4689489085,28.3824616763
297.78,17.2511287681,-2.4739506972,11.2879365154,25.1232487953
297.8,22.8969213966,1.6490102879,6.0358446769,21.9893442109
297.82,28.2608052584,8.9800096953,-1.6348750725,15.4738191049
297.84,32.9811518724,14.3241470254,-6.3376803932,9.7816640352
297.86,38.5084942149,20.7111018939,-13.0346069005,4.2767258258
297.88,42.1711320189,25.2704713443,-18.4869700358,0.6554185622
297.9,48.1300382024,32.2801811433,-24.908287546,-6.3508460018
297.92,48.8090759745,35.384306234,-27.2659896668,-9.7146176222
297.94,49.1585099805,40.7518594604,-31.4595418898,-14.1149017185
297.96,50.0639312998,46.2479345121,-34.4816449113,-20.1583886659
297.98,48.4506757912,48.6643237479,-35.4344485816,-23.8511102676
298,44.6424337407,50.066264495,-35.6296570325,-27.7873747483
298.02,42.5399337671,51.3740826184,-35.2958337102,-32.3038441418
298.04,39.5379887602,51.1759496467,-34.2230573123,-34.0375892777
298.06,37.617661907,53.09524857,-35.7134819443,-36.9433632754
298.08,34.0119539373,53.7654623123,-33.9839343829,-40.811356533
298.1,28.8558261716,52.0941309712,-31.5572074229,-42.9144816476
298.12,20.5250957405,48.3369464771,-25.8472664991,-42.4052461923
298.14,15.5468168133,44.8936052229,-20.2029251788,-42.3461272992
298.16,11.7425376673,40.7496197075,-14.8237204974,-39.2283573306
298.18,10.5153746286,39.9860727417,-13.0849902427,-37.4566747326
298.2,10.1999853197,38.7151072597,-9.7087920308,-35.7167608694
298.22,8.5993536062,34.6251108077,-5.2550116856,-30.7517822291
298.24,5.4354566163,28.8898728339,-0.0784161384,-23.5078352417
298.26,6.0797345881,26.0747828239,2.8195237243,-19.1444874881
298.28,3.9900686497,21.3516976067,7.5274858198,-13.5155562584
298.3,1.7953553843,17.3946737197,10.9254553327,-8.2214150676
298.32,0.2377816423,13.46310179,14.8077787222,-3.59152182
298.34,-0.3285320389,9.8869146843,16.7385441039,1.5461452309
298.36,-1.4524176095,6.0530516933,18.3155127773,6.4680399537
298.38,-0.9178295347,1.7187279093,21.012153846,10.9075323089
298.4,-1.354999447,-2.129499177,23.0693721594,15.299867883
298.42,-2.9693843699,-4.0536276998,24.1674447883,18.5118458512
298.44,-2.1794899639,-5.2730330186,24.7626150382,20.6261402881
298.46,-2.7386718303,-7.4337043925,25.8012114244,24.5020393559
298.48,-3.8735387601,-8.4255789296,25.7348272512,27.4362595525
298.5,-3.5777763791,-9.2740680349,26.5988357617,28.1839014097
298.52,-3.6832794612,-11.2857074052,27.952177808,29.6314042031
298.54,-2.9732837924,-9.4252361015,26.1232537268,28.322167083
298.56,1.9101196254,-4.5238601395,21.5913081206,23.5290962545
298.58,4.2367264519,-2.2312807808,19.2165986206,21.7391903147
298.6,4.893235769,-1.3424948902,17.4776658846,20.4144554437
298.62,6.0803491535,-1.7605506529,18.0015811927,20.1357712814
298.64,9.8460984494,0.4080981012,14.8600385478,19.5124637914
298.66,13.8787217809,3.8401071523,10.0686114199,16.3329400409
298.68,17.8954245093,7.1038978112,6.8934335206,13.4499435056
298.7,21.4522957213,9.9912069598,3.1983174115,11.5489362488
298.72,25.3161355437,11.3688215029,-0.8538073989,11.0688081365
298.74,29.9207889312,14.6440789267,-4.6564507085,7.2780304514
298.76,34.8679057027,15.9632651205,-8.3979039006,6.208351162
298.78,37.6226243993,19.1750343119,-12.5837707226,3.3482396907
298.8,42.7391598061,26.8376033875,-18.8191637048,-2.8236468739
298.82,48.3063736811,35.0506195784,-26.6474822568,-9.0613347994
298.84,49.1017105708,40.3802372351,-31.3413760454,-13.5247013368
298.86,50.7016860275,47.0929517641,-35.8943835244,-20.9622091726
298.88,50.9206558468,51.9103471574,-39.5689254053,-26.3652106105
298.9,46.977238629,54.3966084145,-40.768889006,-31.237705586
298.92,44.541089183,56.7919125176,-41.1651160424,-37.4681084274
298.94,41.8038095021,57.3942512963,-41.3755938611,-40.5653462363
298.96,38.0024979247,58.1420553564,-41.6447127105,-42.8499235708
298.98,33.6816120929,59.1641937338,-40.3423053015,-48.2449314443
299,27.5452174272,56.3366514581,-36.4402659114,-47.9653061373
299.02,22.8692165139,56.1474100199,-35.5557895567,-50.8211090929
299.04,17.3781914779,54.6660200908,-32.2596235988,-54.139530311
299.06,11.7869995352,51.8118613165,-28.0543352279,-53.8186310454
299.08,11.1195133387,51.7072959715,-28.3342258579,-52.8209083079
299.1,13.3213431615,54.4700456117,-29.9254984339,-56.0843855922
299.12,11.7231451317,51.7741816677,-27.1844399956,-53.5297612156
299.14,8.9551003668,48.164517325,-23.5353116075,-48.940259337
299.16,10.8348676423,48.3637228173,-22.4289207829,-47.0894094145
299.18,11.835661975,46.4318529556,-20.5638529264,-41.8600688714
299.2,10.0253644966,43.4492381546,-17.2518150696,-37.0207562352
299.22,11.7036730665,42.2335699996,-15.3630336075,-33.6685023087
299.24,13.5985886035,40.7848453441,-14.0300821936,-30.6584863416
299.26,12.774369165,37.3240715044,-11.0266999966,-24.5478668409
299.28,13.9351335411,35.2837736004,-8.4100142944,-22.1280401695
299.3,14.3461241948,31.5783514592,-5.7989716934,-18.4213419407
299.32,13.5812433751,27.4639317,-3.4517768991,-13.0535577831
299.34,16.3255570766,25.6132620657,-2.6240473008,-9.8007732316
299.36,15.0643853869,21.4777958518,0.4818969157,-5.0258441856
299.38,13.8092667281,18.2026616355,2.5354432016,0.0593788609
299.4,15.3842523925,18.1774943252,2.4256643286,0.7193982176
299.42,15.9711873215,16.0606739584,3.0015590223,3.6604188425
299.44,14.1553097572,12.6578627304,4.9671822541,6.3199022693
299.46,12.338955813,9.0300840583,8.6654796223,8.973470808
299.48,11.8338489339,5.8870002779,10.4173143831,12.3470335292
299.5,10.3044733158,2.7933502022,11.8509172519,15.7505500696
299.52,8.4747724105,-0.319516167,15.4646055486,18.0419075782
299.54,7.0656437195,-1.5261684825,17.0579540787,19.9852462331
299.56,5.5602741076,-2.5737120408,17.486991518,21.9508212863
299.58,7.7310645722,-1.1193837239,16.1332552374,20.7371813863
299.6,10.3190301754,0.5875138111,13.3734931971,20.3828332545
299.62,9.3764250381,2.738779788,12.0250121694,18.3930981287
299.64,8.6679284129,3.4081125134,13.181051145,17.2398840206
299.66,9.6116490641,4.5444686217,12.283227013,16.7344338239
299.68,9.0032125868,6.0698955126,11.1491288902,15.7756889816
299.7,10.7217075774,7.542979686,9.87013492,13.5334624911
299.72,14.6326896184,10.0635347073,6.2286355406,12.542810562
299.74,14.0195009249,11.5911527965,4.9612405439,11.3764778435
299.76,15.6868134639,14.12961142,3.4999996324,8.497706386
299.78,17.6864185362,16.567354997,1.1710835296,6.3978061772
299.8,19.7651162325,19.9124857674,-2.696216335,2.8217679552
299.82,25.7667345862,25.5822048014,-8.4951695106,-2.1847721654
299.84,32.4928260016,33.6278285281,-16.901660404,-8.4549484245
299.86,35.74628839,41.2394190932,-24.0471615078,-16.2717369292
299.88,38.6277743024,47.9543719137,-29.2406511741,-25.3703276218
299.9,39.8104188224,51.7214568891,-32.9507580737,-29.7571426389
299.92,39.0499694372,53.9194884019,-35.9170846022,-33.6423828202
299.94,37.9748219564,55.098849953,-35.9423279575,-37.9278756327
299.96,34.287691883,52.6607607197,-33.3378579327,-37.6803140267
299.98,29.7345671517,51.849893037,-31.8883734735,-38.7411627063
300,29.3284584699,55.0578109226,-33.1731766374,-44.3876599838
300.02,28.1607950294,56.8879738728,-34.6025447514,-48.3944344046
300.04,23.7704185194,56.2373946121,-33.3585771407,-50.3592435388
300.06,21.4961046651,54.9456313493,-31.0857601595,-51.3197655982
300.08,20.1319274841,54.7286547616,-30.2806589196,-51.8238350887
300.1,15.2633938233,53.5337660718,-27.7531614879,-52.2294674311
300.12,12.7525103206,52.8164787411,-24.7477103312,-53.2736641237
300.14,10.0324897581,49.3504778213,-20.5200463531,-49.8949445703
300.16,4.8374068373,42.7099555417,-13.2176448545,-41.9127033413
300.18,3.8964520376,39.3032169277,-8.1327958179,-36.5242608426
300.2,2.5211188009,34.0095949131,-2.7915584133,-29.345704664
300.22,0.1640574203,28.0434647548,2.4123625949,-21.0064147027
300.24,-0.9317694603,23.2508294942,7.6479210872,-14.8608886399
300.26,-0.8403404506,18.5753971655,10.7896721516,-8.2624928231
300.28,-2.6140051165,13.7575276148,14.2451927586,-1.6428057005
300.3,-1.6677452542,10.112652877,16.6583026765,2.9928702174
300.32,1.0123170859,7.8603414894,16.0989509883,6.9319172381
300.34,-0.101167439,3.216440534,18.0808476297,12.0911184808
300.36,0.2510036274,-0.4981971283,20.636241198,15.7147226884
300.38,0.2141548156,-5.7450098146,23.0436524028,21.9458175805
300.4,-2.1875819796,-9.9369727822,25.7073932449,26.9564470755
300.42,-2.7584705592,-12.5170208614,28.1452284395,28.862083957
300.44,-2.2614850539,-15.0075521084,28.7197810281,32.5316664521
300.46,-0.4524118277,-14.575939709,26.6845590009,33.6569851685
300.48,1.1708381563,-13.7196244481,25.9935888344,33.1768764139
300.5,3.9692209145,-13.098845734,23.9935862846,33.2751017478
300.52,4.4542633922,-12.7505194246,23.1064515551,32.4298802455
300.54,6.0669837315,-11.7352652955,22.6387132152,31.0196954072
300.56,8.6163267618,-12.1361180452,21.1409584201,31.4422110594
300.58,8.7137560516,-12.4592884017,20.5390475446,32.2281315406
300.6,11.5433056844,-12.7414345558,19.6703691328,32.1415939461
300.62,14.960729541,-13.6655295601,17.9336180609,33.3013161299
300.64,18.1837262529,-12.0492387747,14.3862594581,32.4215726681
300.66,24.0589006162,-9.9132916111,10.4809311046,30.5222723591
300.68,29.4198235051,-7.6304824237,5.9982442851,29.8003764767
300.7,36.494794305,-0.7362564304,-2.4636317431,25.4608822652
300.72,44.0797427628,6.8837623638,-10.2793262772,19.1769445438
300.74,51.0827065016,13.0892906365,-17.769423902,14.639894766
300.76,56.8621313399,17.5099752028,-24.4830166273,10.8247137967
300.78,59.8618467481,22.4296790306,-28.0705033956,5.7400123433
300.8,62.7201737739,26.3184902819,-31.6661591195,2.5799672835
300.82,63.076396145,32.310879141,-35.8975868733,-3.3205989163
300.84,63.4619347089,38.3195427878,-38.3961885733,-9.6159388175
300.86,67.1346271409,44.5967662872,-44.0493929829,-14.1418188856
300.88,68.1059239872,50.1472455689,-48.2907265261,-18.9543713147
300.9,69.7359700496,54.2347692119,-50.950214843,-23.2254323701
300.92,67.0008539718,55.3956137789,-50.5881934603,-25.0256633504
300.94,63.6300708296,56.2956983498,-50.5373078458,-26.9051294833
300.96,61.1533942971,58.7278195141,-50.0866860195,-31.8699817651
300.98,56.2167943816,57.3609635459,-47.6857748631,-33.2891815859
301,51.4675650796,57.5124977554,-46.4130002215,-35.7252839921
301.02,47.0063666879,57.1395400187,-42.9538209342,-39.4378490198
301.04,39.7197366156,54.5275153705,-37.3836274995,-40.4533450334
301.06,34.2039785435,52.9893432723,-34.0570351615,-41.0147303197
301.08,27.1058088053,49.7158039863,-27.1877167114,-41.8272326301
301.1,22.5415132054,47.1967912883,-22.5426791637,-41.7475766009
301.12,18.4339600575,45.5537562922,-19.6360379267,-41.1412310891
301.14,15.6158185544,42.8197987984,-14.9174566203,-39.5810445136
301.16,12.9622282378,39.2621537425,-10.4888693297,-35.7122952687
301.18,10.7430678985,35.961228945,-7.1791615403,-30.7954041606
301.2,10.6580145271,34.4380468443,-4.3063429364,-27.478861818
301.22,8.8880105647,30.0986790707,-0.3328110371,-21.3804159336
301.24,4.9593094693,24.4327686283,4.5600096741,-13.2627229176
301.26,3.0249097057,19.5487022999,9.4771837678,-7.8225661731
301.28,3.4402860442,16.5320107214,10.6234276749,-3.3742787053
301.3,1.5998419669,12.6394700904,12.4853346949,1.6532185263
301.32,1.6609204574,9.0067442785,15.2174035262,4.6934905148
301.34,-0.4182542011,3.9296603504,19.1148095409,9.85060244
301.36,-2.2432275192,-0.1485199452,21.3648073327,14.5443807429
301.38,-3.9367249166,-3.3773416788,24.6617243409,17.7947953425
301.4,-3.6864382228,-4.9961682594,25.4937639086,20.2605965195
301.42,-3.8573306175,-5.9240235333,24.9216663585,22.4255784806
301.44,-3.6115308781,-7.6217739115,26.3874847354,24.2575386242
301.46,-2.7654179537,-9.4446464881,26.884961757,26.3440642115
301.48,-3.6413310757,-10.0994422627,27.2116782015,27.0629831975
301.5,-2.027755365,-8.4221184888,26.5221820532,25.7434425218
301.52,-1.1304252959,-8.174512506,25.9135358318,25.5702434992
301.54,1.2057357512,-5.3254779544,22.4426727019,23.6292836177
301.56,2.516424449,-6.1378336561,22.9058845663,23.1303537379
301.58,4.3916310616,-6.3601373931,22.0207090179,23.7337290739
301.6,5.3402397703,-6.437788998,20.8768586445,24.083103488
301.62,8.2761098836,-4.7269447315,19.2886630789,22.1973939523
301.64,10.4489453055,-1.8634449162,16.7537282605,19.751110278
301.66,14.2811473479,2.4049075529,11.3848338905,16.7999408376
301.68,23.1999472308,9.7463477212,3.4630703684,10.5175726521
301.7,30.4609662508,14.9131386513,-3.4398552385,5.9887466626
301.72,35.3297709891,18.6921114883,-9.5606658992,2.5969431755
301.74,41.478954895,23.494974881,-15.0874086416,-2.0565330526
301.76,47.2905025727,26.7996694005,-20.4701463867,-4.0865733814
301.78,49.5338962458,32.4632427497,-25.5022731777,-8.8264015676
301.8,52.1503143191,38.2778304763,-29.6162259451,-14.2573910544
301.82,53.4630971736,43.6201536096,-33.5269880588,-18.5907216908
301.84,53.0154065312,48.4219599572,-36.9629118715,-22.6250982337
301.86,55.9193138381,54.9794215027,-41.9584756187,-28.6153175517
301.88,57.833502934,61.5985963511,-47.8659647931,-35.5925710562
301.9,53.9150582005,64.0410062379,-49.0327760363,-40.1054641483
301.92,49.281948948,65.6161173072,-47.9573793491,-45.6967216326
301.94,44.262822728,64.939684405,-46.3531298684,-48.7761123527
301.96,38.9213841398,63.6270319188,-44.8591039603,-50.0197853816
301.98,34.0081856993,62.2952818655,-41.8793269014,-52.087350959
302,29.1475750607,60.7766692416,-39.4525875645,-54.6815118298
302.02,21.8033645393,56.605168033,-34.2648247848,-53.5496096581
302.04,19.2799072532,54.239925435,-30.5947064654,-51.6170003194
302.06,16.9485643608,51.6374420211,-27.2641260408,-49.6909967818
302.08,13.0511957667,46.8889456333,-22.2314388085,-45.2222220205
302.1,12.239646403,45.0063010779,-18.4227068239,-42.9276800105
302.12,10.3258156575,41.629112469,-13.6490256724,-38.673132499
302.14,5.3527924691,36.0136947303,-6.6537401384,-32.2080050835
302.16,4.8954685439,32.2271773853,-1.8722657121,-26.5715883267
302.18,4.5260052694,28.133128396,2.1097905125,-20.4436983504
302.2,2.4072881107,23.9606174036,5.8232433537,-14.79320003
302.22,2.2523834356,20.0479190448,9.0933381313,-10.2334920451
302.24,2.8298097541,15.7441132599,10.851144541,-3.5015338786
302.26,3.2312440804,13.3249138551,10.8718130758,0.9145362934
302.28,2.9195324772,9.6381043608,13.7702103051,4.5377366717
302.3,2.7241281942,3.6447398145,16.6707126498,11.0846517413
302.32,1.8272510958,0.34886439,18.0106592955,15.7381791067
302.34,3.8266266999,-0.6259249023,17.9079945683,17.6655857809
302.36,3.8313879969,-3.3717629762,19.2491892204,21.0246158959
302.38,4.3529481401,-5.3017373424,19.3116421968,23.9318488417
302.4,8.6108276606,-3.2424669646,16.4628199325,22.0736340027
302.42,11.1791182948,-2.3523995739,14.941325667,21.2712491563
302.44,12.7557241324,-0.7289538622,12.6503418647,20.4690390866
302.46,16.8686500652,3.1695376253,9.2564372322,16.8624347112
302.48,22.5472992108,5.8026040122,4.5322232901,15.0374815444
302.5,27.2632299309,8.3408559638,-0.5026442126,13.6915568205
302.52,33.6817501237,11.2597880672,-5.2717439973,11.5075633317
302.54,36.0627521984,12.7532919192,-7.4605941612,10.2003610156
302.56,36.1879935796,13.451068382,-8.8851560428,9.0414498869
302.58,35.6951553337,15.9363336728,-9.1907449802,6.3075220093
302.6,37.7820098278,21.4330090434,-13.2857464033,2.5254473148
302.62,38.5806000437,26.6275175805,-17.6758515558,-1.1387779275
302.64,40.6343814737,32.3888608443,-21.5353148179,-6.5320868689
302.66,42.1102488752,37.628749522,-25.5875472918,-10.7333944168
302.68,43.8512706695,44.0474650895,-31.3246137351,-16.5837422475
302.7,48.3145543519,52.302077626,-38.3236731454,-25.25479824
302.72,50.1035292956,57.4291630833,-43.441849522,-31.8557655262
302.74,46.1155217195,57.2561377539,-43.1265703168,-33.7579363423
302.76,44.0256407772,57.6369052536,-41.9022816226,-36.4538356981
302.78,40.930546979,56.9269698332,-40.3028425405,-38.6552500512
302.8,35.6292681327,56.0987483023,-38.4247635638,-40.7587286335
302.82,31.1125492466,54.2594180499,-34.5764713938,-42.1005076426
302.84,25.960137149,50.3288551939,-30.2398092872,-40.6361008957
302.86,22.2237073484,49.0056649276,-28.6202190529,-40.5141610092
302.88,18.1694594653,45.5261718887,-23.5844470718,-40.1804890822
302.9,16.7560105183,43.9084265617,-21.2269459854,-38.4881511745
302.92,12.5185430724,41.3446043942,-17.0198309072,-36.515029481
302.94,11.6481644747,40.2839878206,-13.9980400104,-35.680783531
302.96,8.9116471214,36.0607373306,-8.6351532825,-31.3242918759
302.98,5.9528590918,31.5208117577,-4.077834562,-25.1589280263
303,4.1272227034,27.8176044769,1.0279643109,-21.0682049739
303.02,4.816472819,24.122681237,3.5582024855,-15.2474139214
303.04,5.4406685824,21.7389832846,3.987907964,-10.9100414009
303.06,4.0974413992,17.6989980025,8.1245502497,-6.7523885015
303.08,1.4111572973,11.5371272778,13.5672379423,-0.4713911871
303.1,-1.1872294391,6.8532717259,17.2105919951,5.366111948
303.12,-1.2800408104,3.6341320101,19.8909311074,8.4244124531
303.14,-1.9104742089,-1.8595725735,23.0944522491,14.3966524976
303.16,-3.6676180685,-6.4323636361,25.3421744819,20.3130740621
303.18,-2.9468068236,-9.1408187271,26.7243442678,23.4935740154
303.2,-1.6693213571,-9.9244583195,26.3731305356,25.3950256046
303.22,-2.8771439595,-12.4853501372,27.2802293584,28.5338046568
303.24,-1.3006180199,-12.8141797702,27.2928052322,28.4906270288
303.26,-0.2069779034,-13.4763730798,26.8772983598,29.7385891684
303.28,0.12897723,-12.5544040767,25.2981697085,29.140156791
303.3,2.8930571694,-9.0518751425,22.9206061188,25.1954930787
303.32,6.0329125205,-7.0525605052,20.2170298604,23.5419704634
303.34,8.0943344244,-4.7646905894,17.5318434698,21.2983737462
303.36,11.9110024866,-1.4859486667,14.6058485855,18.5907714803
303.38,17.378722484,2.3483239834,9.4649378937,16.064076956
303.4,22.4077496092,6.1886051505,3.6042294109,14.4957549918
303.42,28.4900913533,12.5855096679,-2.4500851816,9.8823931909
303.44,32.9673086155,17.6649521752,-7.8849586822,6.1374366261
303.46,37.2820966241,21.1193405752,-13.2136945286,3.443743152
303.48,42.5565488928,26.0544993146,-18.1120562974,-1.3062524398
303.5,46.2790188925,30.0838048959,-22.6964480409,-4.4952946824
303.52,47.9437242762,34.7458350054,-27.299670616,-8.0636370931
303.54,50.9480011108,41.0712459427,-31.8996707937,-14.6413928285
303.56,52.6787156993,46.4429937573,-36.3502124414,-19.792460033
303.58,53.5935437667,51.8009450876,-41.68880714,-24.998122537
303.6,52.5200855869,55.7052257997,-43.7758359868,-31.4675489714
303.62,50.0531309103,58.9460111596,-45.5755023905,-36.9778693361
303.64,43.77195589,59.8626841077,-45.3624523334,-42.2197700066
303.66,37.3269185057,60.5525459817,-43.0048971616,-49.771099098
303.68,28.2355674232,58.0912778071,-38.1053248366,-53.3538679863
303.7,22.2487381356,55.9365324158,-35.5932001827,-54.2768247469
303.72,19.6137078255,54.5986469855,-33.5123523571,-55.0697131619
303.74,16.6078345643,53.3996525567,-31.7211346507,-54.1690624047
303.76,10.797465722,51.5199475166,-28.3060902251,-54.8899723858
303.78,5.790496824,48.2902826823,-22.7662792804,-54.0231765796
303.8,0.2095232226,42.7234932074,-15.8181614399,-48.976279696
303.82,-4.1344061173,37.6428210539,-9.7759514858,-43.5822961879
303.84,-6.6187410348,32.4742147742,-2.5013127838,-37.6898995394
303.86,-8.9691906059,25.3317998729,5.3192253567,-28.2674554062
303.88,-8.6829918902,21.1301848691,9.1350709699,-20.4288488264
303.9,-6.9133868373,18.3055281988,12.6237157544,-14.626488929
303.92,-5.7581637807,14.809568901,15.2203920853,-8.2601660223
303.94,-6.8218177941,10.2222376932,18.399079081,-2.0771889575
303.96,-5.4398128808,6.3880313243,21.1671743022,2.5187794192
303.98,-4.4263258908,3.0649805336,22.6959540441,7.7058365268
304,-4.2424882197,-1.4866043958,24.0444429485,14.1971229831
304.02,-1.5372584088,-4.3236069625,24.7136192131,17.9386811896
304.04,-0.7066942797,-6.4519377445,25.3304339114,21.2921816466
304.06,-4.8203983364,-10.7781003846,29.0694254387,24.6507345352
304.08,-3.569217743,-13.0702294633,30.0848457853,27.8175143438
304.1,-0.3326799161,-13.1532877891,28.2629434929,28.9406578123
304.12,2.2705426675,-12.6917157938,25.7082305314,30.1864976385
304.14,5.5348719344,-11.1800818586,23.7498123306,29.1897656454
304.16,10.442704896,-11.4429688991,21.126251353,29.9969692463
304.18,10.4681505128,-10.3065253173,19.9209505954,28.7387039214
304.2,15.033484086,-6.0290692449,16.0467700518,25.330873585
304.22,21.0385434496,-3.4208840232,11.0428595732,24.2936476529
304.24,25.5768321831,-0.9469083277,6.1540901547,23.0714875346
304.26,30.9975058905,2.2781460605,1.7852691391,20.5340317938
304.28,32.2041951873,3.2625745408,0.5031839545,19.4950738711
304.3,33.9723869163,3.4380368875,-1.5418419039,19.0881489169
304.32,36.1781424201,2.8310198106,-1.8527206182,19.177708667
304.34,36.4361384899,2.7515258157,-1.7680390045,19.0843991283
304.36,38.724757691,7.0340962028,-6.0879696938,16.4828448696
304.38,44.4682315192,13.5965013029,-12.2596931983,11.7211343707
304.4,50.9135247806,20.4485274987,-19.8687876729,7.6155483174
304.42,53.4155967828,27.9737203788,-26.4073245542,2.7567411991
304.44,55.4743822848,33.5382713697,-29.9800117055,-2.8123283143
304.46,55.3531180697,35.7392640213,-31.3824300055,-5.0488771339
304.48,52.9395990199,36.9558385784,-31.9011938208,-6.3059036546
304.5,55.0245283712,41.4703402575,-35.4563638954,-10.433394822
304.52,57.870352394,46.23540004,-40.3191937663,-14.5403751279
304.54,57.4470343312,50.370811164,-43.7997590426,-18.4886045324
304.56,55.6741574118,52.8537494703,-44.2673895235,-24.0592372075
304.58,51.0771727969,51.6674379814,-41.9756785513,-25.2783179516
304.6,49.0388264861,53.6098788155,-43.3120161873,-28.0741939384
304.62,48.5560026658,56.5894787485,-44.2214775157,-32.3585216207
304.64,46.6638395671,57.2156616939,-43.6704448844,-34.0582531746
304.66,44.3733909739,58.3029136607,-44.0121606565,-36.0003653914
304.68,47.6017819648,63.2259225582,-47.8952229004,-40.5416522891
304.7,50.1959799846,66.6875507509,-51.2872313737,-43.146838582
304.72,50.804757092,69.4759700927,-54.4214129242,-44.7946370376
304.74,52.232605413,71.3161281885,-55.7098654091,-46.9346796423
304.76,52.419343425,71.0966438668,-55.6753917763,-46.4338683519
304.78,51.7755448552,72.1712576664,-56.825122367,-47.7330138326
304.8,49.9019647144,71.5503550499,-54.5952863661,-49.1835037522
304.82,47.3792111634,68.6980681702,-51.4867535767,-47.1825397736
304.84,44.1434702472,65.7167529336,-48.2930959201,-45.0550137445
304.86,45.3361735674,66.086598671,-47.8802870102,-45.9583903919
304.88,46.4983198781,65.9194867223,-47.8702977569,-44.8967133822
304.9,44.5534148011,64.2770056852,-45.8583258051,-43.0208027275
304.92,41.6672276555,59.6739350484,-39.9782481619,-40.2074393387
304.94,37.3018734593,52.7462078629,-32.9054874124,-33.8092285081
304.96,35.2519982371,49.1654936107,-29.6819401595,-30.1636400701
304.98,33.9503337837,46.5555825239,-25.7231817643,-28.7521236656
305,33.7044138235,40.4929599775,-21.718393956,-22.5761947685
305.02,33.0802766039,36.7445399363,-19.4075822686,-19.079105104
305.04,33.8077534273,33.1938032119,-16.4823650288,-15.7169363638
305.06,33.9713940706,30.9496962254,-14.7902622411,-12.8622250482
305.08,30.6709142521,26.6509470923,-10.9097115047,-8.0938375401
305.1,29.8296091636,25.8530644814,-8.8955649512,-6.3188760699
305.12,29.4770883702,25.4226645984,-8.5500268935,-4.5622198982
305.14,26.9495508498,22.8001831554,-6.6644439453,-1.8143700277
305.16,27.2980591283,19.6195840154,-4.2967598235,0.3508300291
305.18,26.6832032894,14.0117376528,-1.091327286,5.5696946978
305.2,23.617204851,9.3407968102,2.3652100268,9.511254409
305.22,22.839532517,5.0973113067,5.7286040403,13.5321578127
305.24,20.7731899882,2.1479923688,8.3793020618,16.6148345564
305.26,16.0247224003,-3.3547006396,13.0239879239,21.950596136
305.28,15.8363433435,-6.0008210608,15.1558371774,24.3375222797
305.3,13.5894490055,-7.60780829,16.9705825791,26.0356269727
305.32,9.4209349783,-11.5414012603,20.6451454958,29.5555323045
305.34,10.0939766744,-14.786239399,22.4177383973,32.8808281178
305.36,11.0347083117,-14.9236877679,21.9225404503,34.0005878305
305.38,8.8587717883,-14.8457218855,22.1129973766,34.7501779327
305.4,10.2080649172,-14.6140278241,21.7794551495,34.2711878938
305.42,13.3655624022,-13.9168858298,19.2714151286,34.4801967317
305.44,16.2192451153,-14.1491777837,16.6227157754,35.7792819533
305.46,21.9881224102,-10.836197682,12.3409517248,32.1971409679
305.48,29.3563141497,-10.0030603467,7.3439281193,32.203551659
305.5,35.0101517162,-5.7030362846,0.5903772579,28.8879082749
305.52,39.9462580454,1.0285209365,-5.1630863471,22.7832753902
305.54,45.52101951,7.038730638,-11.577421972,17.9854451301
305.56,47.5061709591,13.2485281446,-16.7829869167,12.4852080782
305.58,53.9569426539,21.17289522,-23.94440688,5.4459703973
305.6,57.1202172943,26.011358825,-28.7731882964,1.5718967906
305.62,55.7613759319,28.707766994,-30.5238491357,-1.2522117088
305.64,57.3761992603,35.0920729387,-34.1662088251,-7.2096393623
305.66,64.1552688057,45.1823912663,-43.8486269454,-14.4968816745
305.68,67.9906862379,53.5331745084,-51.6756274534,-20.3710373196
305.7,68.5051062654,58.3835869587,-54.3262211257,-25.7066768581
305.72,67.3071086413,59.9658557255,-55.0209520518,-27.8187299664
305.74,65.1662639399,62.28598674,-56.9231919518,-31.0250470638
305.76,62.2729663565,64.5287148737,-56.4020774914,-36.8755187609
305.78,55.4331842506,61.9545083379,-52.2220051441,-38.2560821813
305.8,48.1925959438,59.0296636033,-47.7711627248,-38.2563262081
305.82,44.3724283621,57.8063905323,-44.840507635,-40.266585457
305.84,38.9247060511,54.4262338697,-40.2682372076,-39.8307404023
305.86,31.241272067,50.1139264612,-34.1599024635,-38.4002021295
305.88,27.8086015943,49.6449989009,-30.9460169247,-41.28789635
305.9,22.6320835721,45.3026815468,-25.2748533948,-39.0354287662
305.92,17.7686744144,41.4038660648,-20.0171167542,-35.4971197991
305.94,16.7407909317,40.6271120243,-17.0952468277,-34.8628216692
305.96,13.3327774283,37.9355227307,-12.2984615384,-33.4159814708
305.98,7.5213087895,32.8812343097,-6.050344094,-29.39652157
306,3.2087927141,27.6289159557,1.4175655083,-25.5723435449
306.02,-0.4166514327,21.5219687821,7.9050050905,-18.4574834507
306.04,-3.3781737792,17.3644105081,12.0284701983,-12.6768443416
306.06,-3.7761593581,13.0546415343,16.0861089761,-7.6206138268
306.08,-3.9546098064,7.8723786704,19.2619496964,-1.0613037225
306.1,-4.704346826,4.9401640473,20.6991630019,3.76788893
306.12,-4.1988060146,2.9232027072,22.2978522335,6.3059316232
306.14,-5.2604745806,-0.7397885684,24.663620215,11.1995253354
306.16,-5.9476738149,-3.5466368105,25.7480269481,15.8035897753
306.18,-4.8033618244,-6.3050213212,27.1140091331,19.7938479301
306.2,-4.0182298316,-10.9265969298,28.7113968605,25.3772143807
306.22,-4.3274190518,-14.411270262,29.709034735,29.5147129603
306.24,-4.9171824589,-17.199323413,32.3822530361,31.4179624969
306.26,-5.0155910487,-19.8438697481,33.7229537716,34.3955468318
306.28,-3.6979092987,-22.2335853285,33.1415099028,38.1511642652
306.3,-2.6698784702,-23.4222968374,33.7858398603,39.4638677459
306.32,-0.7946405092,-21.3515242909,31.8575892738,38.3703621383
306.34,2.2445000844,-16.347102138,26.8771752899,35.5964783815
306.36,7.5802368485,-10.4385617215,21.9386060684,30.7745151273
306.38,10.1069512214,-7.1565014549,19.0764285047,28.2813154379
306.4,11.671929197,-4.1574642833,15.9615271474,25.2584403848
306.42,16.2512459192,-0.8582371036,12.4879298961,21.7046584651
306.44,20.7035973576,-0.3621558096,9.6010443153,20.8175763518
306.46,26.278388996,0.3999118734,5.2279316449,20.5717020974
306.48,32.6432129748,5.1091651781,-0.1452063053,16.0607227623
306.5,35.5745189825,8.5081528658,-3.8341642455,12.8543010163
306.52,38.6971272805,12.3673252035,-8.6060677505,10.2675306255
306.54,44.6721919918,19.1805961292,-15.0791604008,3.7415116996
306.56,50.7015179129,26.7103479449,-22.726035649,-2.1409506252
306.58,53.5515406719,34.9441483604,-29.9263849692,-8.7574903632
306.6,54.0755306556,39.2140585037,-31.9543008537,-13.3600238587
306.62,54.5081174954,43.4553588187,-34.7559764073,-16.6624680844
306.64,54.5230620778,46.5871234646,-37.7115027199,-18.9479731534
306.66,54.0255300062,49.8676167917,-38.7619655658,-23.2654968635
306.68,53.9261462697,52.9882298168,-41.1663125785,-26.4711324053
306.7,50.5648056192,54.6748646524,-41.8150644421,-29.507018694
306.72,50.0699033804,57.3435299116,-42.8539845115,-33.5266056324
306.74,48.2222745989,58.5469824746,-43.4502552476,-36.3364337194
306.76,44.3971741616,58.4344025549,-42.8425719659,-38.0871665173
306.78,42.957650758,59.6574448642,-42.7466632902,-41.4282930927
306.8,41.1748118828,60.0094551002,-43.4799198203,-43.2866437506
306.82,35.2677776764,58.5564546904,-40.9936020833,-44.3310041038
306.84,33.2791290266,58.9772789207,-40.0335668683,-47.0117926455
306.86,30.9326948377,59.0564394683,-39.4808791603,-49.1481249466
306.88,24.8523665261,56.3091371666,-35.6842767384,-48.3642208536
306.9,24.1478800655,55.2400481169,-33.5851596872,-47.8955929857
306.92,20.8740035429,51.6892094396,-29.2519667471,-45.2152471073
306.94,15.4902284353,47.073537969,-23.273601188,-41.398692113
306.96,12.4679974257,42.1160541897,-16.4163441289,-37.2440438316
306.98,10.1532816254,37.0178542005,-10.627262959,-31.2561732056
307,6.9199995073,33.1371300179,-5.8375377614,-26.7834803215
307.02,3.9406846989,27.5011695456,1.2867532911,-21.0635587129
307.04,5.0187181999,23.2533319052,4.2085295019,-13.8796876581
307.06,5.0278456996,21.2757451805,5.5837518819,-9.7238129876
307.08,2.4529427138,16.7788598237,11.1269301657,-4.7861900807
307.1,0.6510229915,11.8280336028,15.1044839167,1.3593750391
307.12,-1.7664671496,6.1917831594,18.455551609,8.3181192282
307.14,-1.3787452791,3.5948464628,20.408781066,12.1793701257
307.16,-3.6741988461,-2.8237796647,24.6773595087,19.012203111
307.18,-6.2105168631,-8.4998652196,27.9860152339,26.1896165635
307.2,-6.9292039046,-12.3239083732,30.9659728652,30.6227004216
307.22,-7.0507507712,-16.7933992455,32.7824470597,36.2760146688
307.24,-5.1285665719,-17.8052994855,31.1467748153,38.6814602276
307.26,-4.0102775682,-16.1884152951,30.6048243875,37.1896077085
307.28,-1.2328202087,-14.5512913049,28.1440875185,36.6075096434
307.3,-0.1501207697,-13.6561511575,26.2563091342,36.338012925
307.32,1.427432465,-11.0727684514,25.1672515265,33.5020264231
307.34,3.4883351581,-8.583390578,22.827923328,30.5063470301
307.36,4.1355128347,-9.0108908712,21.8984256503,30.9657237264
307.38,5.5754616619,-8.6482126314,22.0044596585,29.8013994988
307.4,8.1865790881,-7.8552172171,20.3269637456,29.2999371448
307.42,8.8602744277,-5.4634917766,18.0826975059,27.3479345545
307.44,14.3439325474,-1.59081898,13.9667119576,23.0519170845
307.46,19.4224084529,2.7609191746,9.0485576529,19.2788952886
307.48,23.8631189233,6.4172876743,3.7174867866,16.3998803706
307.5,31.8753903567,13.7221553103,-4.1037092029,10.1916205329
307.52,38.2069873542,18.5566283541,-10.5872160722,6.4956341838
307.54,42.2762111749,24.1649896174,-17.1065727609,1.4972129974
307.56,47.2876682823,30.1195494089,-22.5974009154,-4.0746012522
307.58,53.2933449761,37.7185521991,-30.1140421507,-10.0786184939
307.6,56.1356199363,43.8766395013,-36.1604136655,-14.7446413608
307.62,59.6009016616,50.5139999995,-41.3677457017,-20.8243589491
307.64,60.4042824818,55.2298392749,-45.2809842526,-25.4276382779
307.66,56.2975099838,56.4813116795,-45.3362587887,-28.0430069236
307.68,53.6410139159,57.8291477125,-44.9384517465,-32.342908702
307.7,50.838244507,58.3858125285,-44.775997841,-34.7636902781
307.72,46.0779718118,58.9401939426,-44.4115180099,-37.9769999697
307.74,40.9108260433,58.3411340673,-41.8410158036,-41.9168494405
307.76,36.45412473,57.1193188139,-39.8181505596,-44.0507774302
307.78,30.1445838219,55.6057414973,-37.1268865779,-45.9204913769
307.8,25.1188222595,54.8132159313,-33.7636190704,-49.2011430197
307.82,18.7365487594,51.6486031543,-28.100766099,-48.8638862292
307.84,12.0244329236,45.9571166682,-20.9672635467,-44.3575952886
307.86,10.7618744842,42.5353827157,-15.8797099322,-39.9432956213
307.88,9.7972493502,38.9847066723,-11.5862092062,-34.8199631735
307.9,8.8857388913,35.8809399306,-8.4574015512,-29.7277300248
307.92,9.1323261005,33.5676073888,-4.999656443,-25.7750857812
307.94,8.5242012358,29.7012346115,-1.6140035905,-19.8562139698
307.96,8.7142969066,26.3195130938,-0.0227574295,-14.5711069919
307.98,6.7277811905,21.1119194609,5.2206861436,-10.1474858117
308,4.1074322757,15.0998841039,10.6852051504,-3.7481514732
308.02,0.1583868622,9.6307113074,15.5432032212,2.7737614258
308.04,-0.166883451,5.6257242879,18.3529052255,7.5466133707
308.06,-0.9051528556,-0.3902415196,21.5130358814,14.0566419044
308.08,-3.3971226843,-5.5043954317,24.5782224214,20.087522122
308.1,-4.2964469274,-9.1224331793,27.4900720723,24.5308602712
308.12,-6.3493605269,-13.0454326958,30.3503893268,29.760796659
308.14,-7.1542606413,-16.9807143407,31.7408908278,34.9183662315
308.16,-4.4462116578,-18.089392948,31.4718624734,36.7963516693
308.18,-0.6966947607,-17.973285907,29.3444491507,37.9131145431
308.2,-0.5775831134,-18.0071792112,28.6800055118,38.0461267712
308.22,2.2842089583,-16.2206235992,27.4500722035,35.5443544416
308.24,3.8023855227,-15.1873056824,26.646115695,33.6234405703
308.26,3.27315877,-17.0554215198,27.4148556423,34.4838548059
308.28,6.2619901339,-13.5454383045,24.8168480021,31.8825367495
308.3,11.1298882521,-9.5338766663,19.8701165526,29.8735837172
308.32,14.4346183746,-6.8507441608,15.513681306,28.0815093142
308.34,17.2725303899,-6.7182476268,14.3532063952,27.5511090338
308.36,21.5413166002,-5.1182914411,11.1718895017,26.4522940436
308.38,25.4309809287,-3.2802148491,6.8205231563,25.5069016767
308.4,29.5385226323,0.7364384013,3.1783815434,20.6271073969
308.42,31.6155594994,2.8155208226,0.8437545451,18.2232558033
308.44,36.6633232167,6.3393514318,-4.700593843,15.581729799
308.46,42.0814842189,11.3295459052,-9.825268035,10.3556611643
308.48,46.9661272953,16.8909324027,-15.5342883022,6.3741733451
308.5,53.1426914957,25.101015544,-24.2091819644,1.276483818
308.52,59.2522872987,33.8590729745,-31.6096744732,-5.8848398181
308.54,62.482955718,39.6421646536,-36.8385867967,-10.7080495619
308.56,62.0596300667,45.26929399,-41.1291881259,-15.4128195471
308.58,66.6937826536,52.8171812227,-47.8383820304,-22.6741924423
308.6,65.7075694142,56.7373402291,-50.3345548472,-27.7809029404
308.62,61.6830593248,58.6631211168,-50.9414716646,-31.0841703837
308.64,58.5432375156,60.9143319632,-50.9921816482,-35.40280025
308.66,54.7565849851,61.0957994219,-49.8924913234,-37.1097164212
308.68,49.9537951643,60.3426000505,-48.4041011674,-38.972153048
308.7,46.7534176145,61.5918935239,-47.2640812841,-43.107689561
308.72,42.1664215183,60.701142572,-44.5837182096,-45.6721959848
308.74,34.2794396532,56.4139774624,-38.789774105,-44.0388583559
308.76,29.7414352991,53.3688042519,-34.0697505577,-43.6616456684
308.78,26.1817155556,51.1349880123,-30.7768432435,-42.7434895507
308.8,20.0386188451,47.4601232126,-25.9331154753,-40.6811486779
308.82,19.2462784246,46.119039338,-23.388512088,-39.8850848547
308.84,18.2351870218,44.1802306706,-21.0616912929,-37.5527061823
308.86,15.8538065711,42.9045925376,-19.1253257251,-36.4305287211
308.88,14.3405780338,41.2710049994,-15.5125689259,-35.1503697588
308.9,11.1281534553,35.8282341781,-9.2462214622,-29.623418087
308.92,7.8538427764,30.0641136045,-3.6672976938,-23.1891982878
308.94,7.0810514465,26.5579208779,0.6748226113,-18.9014979852
308.96,7.0204150683,22.3246297426,3.930330048,-13.2175621948
308.98,5.4009236913,18.979463606,6.5457698869,-8.50064136
309,5.5904078601,16.7816135329,8.6026331081,-4.5001876478
309.02,5.1405492456,13.0599499429,10.7088432127,0.9039507418
309.04,1.9986101532,8.2924922594,14.2164028814,6.2869524509
309.06,1.0063524686,3.4640230517,18.1264468322,11.1427883911
309.08,1.3209026625,-1.1076905977,19.9843849467,16.7110724532
309.1,-0.1737210038,-4.4506628156,21.4166785645,21.5149986543
309.12,-0.2217904142,-5.8268794239,22.8235124671,23.1761572601
309.14,0.2437360531,-7.7613395277,23.4597166656,26.1372605437
309.16,-0.636126015,-9.8923228288,24.1944415092,28.8159182228
309.18,-1.4816444681,-12.1696535169,26.5680402864,30.6648774582
309.2,-0.4981842956,-13.9772086023,26.7858232439,32.8125621448
309.22,2.112119323,-12.3743674224,23.5716515974,32.0802742792
309.24,4.6987141235,-11.2959061803,22.5100603976,30.1088714414
309.26,6.2824943204,-9.8096483364,21.2236795265,28.4215240564
309.28,7.1698846077,-9.1274029381,19.6282987831,27.6800244445
309.3,11.4500122625,-6.0250701962,16.5305186522,24.4657283958
309.32,13.9981790251,-5.067119919,14.9971185141,23.2275263426
309.34,15.0725169379,-3.8460751161,13.1174292251,22.431730176
309.36,20.094097592,-1.5265649189,9.6599810752,20.536264933
309.38,24.8332042437,-0.1574038137,5.804314488,20.0540355992
309.4,30.7588798236,2.8822305706,-0.4139810109,18.5332749226
309.42,37.5807900869,5.8687428533,-5.382145785,15.9505741566
309.44,44.0514387692,8.8738048569,-10.8886795879,14.1442449357
309.46,47.3911925555,14.1488346376,-16.5502760651,10.4811181463
309.48,51.8968203043,23.4457018094,-23.2720037437,1.7483609641
309.5,55.9741450814,30.3618211206,-29.3893441159,-3.350586766
309.52,57.6167168591,37.1473931528,-34.5605420057,-8.8879882544
309.54,61.5749655339,45.5432363279,-40.9255878361,-16.0171207635
309.56,65.9381264643,53.549437747,-48.1278011576,-22.351569948
309.58,67.0869445741,60.054864614,-53.9505196081,-28.1319865184
309.6,67.2490514181,65.0642064891,-57.1506980745,-34.7067406658
309.62,65.2457625164,67.1091972538,-58.2481817732,-37.9213678587
309.64,57.7977310532,65.3653835779,-55.2659504032,-39.1539337221
309.66,52.1749858377,64.0159841756,-51.8375650693,-42.1737868558
309.68,48.7165953536,63.2666384484,-50.9851354596,-43.7741531679
309.7,42.8018383396,62.098805425,-49.032708561,-45.5585906508
309.72,39.331501572,62.758772748,-47.2648383395,-49.5509318697
309.74,35.2396812623,60.4070687799,-44.0065269757,-50.128919612
309.76,30.8203015838,58.760094959,-41.3183989995,-50.1825048136
309.78,27.4675712171,55.7120344814,-36.4609331557,-49.307468779
309.8,26.1498874411,53.3618678786,-33.5943523708,-46.9288369576
309.82,23.3235636999,50.4876695104,-30.2005230632,-44.0760997164
309.84,22.0515095588,47.5907308886,-25.5777758579,-41.4292986807
309.86,21.3960799516,45.0568913405,-22.228211931,-36.6964428234
309.88,19.1186561642,43.0979305575,-19.1762497247,-34.6991136338
309.9,16.6586326524,40.1571910665,-13.9265875507,-32.3747820732
309.92,17.3333987865,38.7561485329,-12.2936045961,-29.8621913154
309.94,13.0948400453,34.0256413697,-7.1399385853,-25.3798680164
309.96,11.1790454345,29.3968181565,-1.7648358499,-19.8560057247
309.98,11.2045837448,26.6818872661,0.5901694145,-14.6894314123
310,9.6964805756,21.8661699366,3.2345119566,-8.7142899567
310.02,9.4105348826,17.317091719,7.0709425719,-4.2625559251
310.04,9.2775313435,13.7286138666,9.6563375599,0.2714170281
310.06,6.9140743592,10.544218658,12.1765931395,5.2202084363
310.08,8.3990288184,7.7538857887,13.093832424,8.1180160193
310.1,5.7444602664,2.307927648,17.1073329131,13.7041064032
310.12,3.1105710851,-1.1264463613,19.2955820809,17.9620668043
310.14,4.3046899993,-4.0348860011,20.367323295,20.8378884836
310.16,5.9052476875,-5.7756719057,19.9405636483,23.430533992
310.18,3.8887242349,-7.6877239176,20.9680369437,26.6253115609
310.2,4.3318480239,-7.9750485343,21.6562705068,25.9776003913
310.22,3.4838982669,-12.6158337764,24.6038677093,29.9933549295
310.24,-0.3983611603,-16.0292687632,27.6814755812,33.9986852545
310.26,2.3840387653,-12.7678902275,25.0779979748,31.5966613315
310.28,4.7493163654,-11.0780178786,22.8292048294,30.5348792081
310.3,6.6739085131,-11.4783222289,20.9544877589,31.4750185705
310.32,9.4277201792,-8.9076395711,19.2020900859,28.6348325425
310.34,12.5829310232,-7.7334510014,16.8890964501,27.6058708758
310.36,13.9600163261,-5.7488791878,14.4951801967,26.1003699605
310.38,16.6284845406,-2.6223560856,12.3995188384,21.891425834
310.4,20.7699852634,-0.3045615489,8.735872558,19.9799567121
310.42,24.0482674416,2.1576920936,4.8320430135,17.5695762864
310.44,31.1330303343,6.4021262869,-0.5368780584,13.3690470002
310.46,38.1744805463,10.5973860492,-6.9782590981,10.9537166987
310.48,41.6900078318,15.6178253997,-12.5531259908,6.8528646865
310.5,45.7252093545,22.090373712,-17.5574724911,0.8844971271
310.52,46.7634637524,26.1019870673,-20.360119025,-2.854446083
310.54,49.2887264821,31.4062197375,-25.768591705,-7.0359004036
310.56,51.6813461595,36.2173488816,-28.899735998,-11.2566072493
310.58,52.2339394555,39.2520949361,-30.8918726793,-13.9210761104
310.6,51.3123421414,43.7667960443,-34.1366351969,-18.4979419634
310.62,52.7169565091,50.3064984455,-38.6228147918,-25.7184624923
310.64,49.6745466282,52.5424121715,-39.7393123083,-29.4680456529
310.66,45.1497171899,54.2074335204,-40.3325959984,-33.0116365918
310.68,43.7485564135,57.9643212475,-41.9656472868,-39.2871939391
310.7,40.2497720877,59.203180227,-42.3421739942,-42.8205265816
310.72,34.8453935908,58.4086091674,-41.126873853,-44.716303609
310.74,32.6002510816,58.1340140777,-39.5839088065,-46.9516793053
310.76,28.5541341507,56.34582657,-36.7171442107,-47.5665202698
310.78,22.6392912607,51.1036282158,-31.3365261935,-43.68845337
310.8,19.4130010042,48.8226087275,-26.7139258793,-42.4682527082
310.82,16.2041623299,45.7966104753,-22.2757486964,-39.7577989615
310.84,13.0021056619,42.6692247814,-18.186054921,-36.3266884522
310.86,12.9000438036,40.6817106579,-14.5701426953,-34.1981551169
310.88,12.1954638984,37.6269774078,-11.0657719264,-29.0684351654
310.9,8.7978415025,32.8180598119,-6.0780424211,-23.1871477031
310.92,9.0103888687,30.1917150658,-3.0280082008,-19.3130878919
310.94,8.3963776761,26.6337727586,0.4003201649,-14.6230188927
310.96,4.5161706331,20.2241725701,5.9109790815,-7.7294086151
310.98,4.5966559372,15.7399239233,9.3123689675,-2.3387450936
311,6.2920049702,11.9751549983,10.3060243981,3.3587989016
311.02,5.1153563385,8.5376301875,11.8865898292,8.7628926816
311.04,3.3037582143,4.7114064577,15.9034492552,12.086294597
311.06,1.29140936,0.3221923486,19.2131670035,16.8405978538
311.08,-1.2516878401,-3.166385968,21.4410048143,21.0235716215
311.1,-1.3605032606,-4.7781592445,22.9162388938,23.162468131
311.12,-2.1418896235,-6.793698931,24.2048002528,25.4762014693
311.14,-5.9086293565,-12.3201266236,28.3052074336,30.5277307481
311.16,-6.2552891187,-14.0186469662,29.8906639059,32.488043798
311.18,-5.8981550753,-16.0403342005,30.2078316107,35.3120638299
311.2,-5.623437263,-16.2185555628,29.3245924783,35.6116581802
311.22,-4.5416768107,-16.5510216467,30.0734589393,35.2110639645
311.24,-2.6670226836,-18.0516446403,29.9614299348,36.443352029
311.26,-3.9660396127,-20.5602294005,31.4398805853,39.0049175854
311.28,-3.1132023208,-20.4773516417,31.7636836258,38.1733491489
311.3,-0.102805019,-20.9223166182,30.2874697363,38.6934396973
311.32,0.5693750334,-19.2838318971,28.2932199825,37.5675649047
311.34,3.8732110751,-17.5025164929,26.2522716533,36.160025239
311.36,8.9888464499,-13.5772429519,21.3585644158,33.8225276721
311.38,11.0307520654,-10.6159487925,17.9459571146,31.2522499052
311.4,12.8747270578,-10.0585734173,17.42442694,29.6933621681
311.42,14.0369938724,-8.3187542436,16.0778356913,27.8524760921
311.44,16.8162803177,-6.1908717786,12.7658945149,26.777405846
311.46,21.1080119318,-2.0080280508,8.9318022773,22.3661204651
311.48,24.9907808286,1.2289365707,5.1779127026,19.537454784
311.5,29.6913597499,5.9323548038,-0.7365317803,15.8972063241
311.52,37.0035792805,11.1481271716,-7.164664948,11.3490228647
311.54,41.7827234299,17.8893826895,-13.3660623167,5.9592655564
311.56,44.6703276357,23.9346782282,-19.0048190761,0.9573355522
311.58,48.272647968,29.795524366,-23.3533384805,-4.5952862699
311.6,51.7818592057,35.7175180523,-28.8083140562,-8.6969299264
311.62,55.5989254548,44.1439180166,-36.6120243995,-14.6903405654
311.64,57.5937542403,50.0439072292,-40.9492162341,-20.5509343359
311.66,56.3562859024,52.8423354343,-42.7346075543,-23.9634408517
311.68,57.3159353918,58.3539413765,-48.2845642063,-29.5623593488
311.7,55.7880087979,62.4899149474,-50.0477700966,-37.2089182853
311.72,49.487604027,60.2426971748,-46.6926737324,-38.7972489482
311.74,43.4854312354,59.0677430185,-44.6587018544,-39.8168222029
311.76,39.4925249913,59.6330203408,-42.7212011346,-43.7249838957
311.78,35.4121534171,58.028158835,-39.8681781193,-44.8848416601
311.8,29.4291074326,56.3535354333,-37.0735502575,-46.5263019158
311.82,26.0896325022,55.3240211819,-34.1567798391,-48.6980843886
311.84,21.7740032756,52.0581130267,-29.3116283234,-46.8699080712
311.86,20.3073888929,51.9551295163,-28.651208519,-46.69532606
311.88,18.6285141528,50.6431768939,-25.7161132358,-47.3075980828
311.9,15.7538467476,46.550709999,-20.3377014956,-43.665956251
311.92,11.1266040964,41.5687415921,-14.1086370852,-38.4432123588
311.94,8.4235169248,36.3507788653,-7.3995029462,-32.562250846
311.96,7.3944422893,31.1814692992,-2.9879749432,-24.7808720683
311.98,3.7728048346,26.184210268,1.8739796846,-18.9113113803
312,0.7828510888,20.3905077033,8.3801563354,-13.5704306338
312.02,-0.6271633545,14.8628546184,12.9451451917,-7.5784543573
312.04,-0.3927075371,10.6593748057,14.674322809,-0.4029504729
312.06,1.6001171528,9.1979658753,15.1106328164,2.9185689815
312.08,0.1967439941,5.2120244762,17.9330467853,8.3095617678
312.1,-2.5533135464,0.1103880151,21.2860474329,14.3725716097
312.12,-0.3137223061,-2.682985372,21.8021662571,18.0387239052
312.14,-1.5310892602,-6.9532437214,24.4562042054,22.5753655712
312.16,-5.5877827008,-11.8232563754,28.3454271566,27.7535372099
312.18,-5.2795092608,-13.4156903796,29.7013853512,29.9184025918
312.2,-3.8350651896,-13.2096669286,28.6269263751,31.5680132895
312.22,-3.6100854446,-13.0157482597,27.3768186613,32.221227465
312.24,-1.4746478592,-13.182259124,26.8914248814,31.7788970548
312.26,0.6445368958,-13.1053690492,25.6319814244,32.4085454614
312.28,1.9316999183,-12.4269659688,24.0025806401,31.8713136051
312.3,4.3379639037,-10.4190802032,22.5552054305,29.1189462213
312.32,4.5091700493,-10.446158189,22.4400199969,29.4483388217
312.34,7.1585278792,-8.3572035777,19.2274838857,28.2146863803
312.36,10.6665963508,-5.3056700895,16.3930337144,25.6335093351
312.38,14.4921775127,-4.2366809766,13.5812037785,25.1594186461
312.4,18.0234571099,-2.3162616844,9.8855311002,24.7253612048
312.42,21.7948996519,0.4533986308,7.1582779624,21.565012456
312.44,25.2114982637,2.3827393054,4.0721697529,20.432440068
312.46,25.948746889,6.0783862041,0.9263990947,17.3794341184
312.48,31.8507403682,13.7453663981,-5.6019332336,10.0580626411
312.5,38.8819181173,20.647992624,-13.5118420394,4.4624491137
312.52,43.8779298011,26.8943193771,-20.7159890683,-0.5865563884
312.54,47.194742369,32.1506124337,-25.0978985286,-5.4710592529
312.56,49.0172538984,36.5302033936,-28.5371040857,-9.1286991433
312.58,51.8478375026,42.5112612319,-34.3983784333,-13.9494582475
312.6,54.0214541075,47.4857236402,-38.1398737487,-19.9814422168
312.62,53.5135215267,50.2471957705,-39.8097942846,-23.2242157635
312.64,54.833660083,55.6453241679,-45.348637032,-28.684521745
312.66,54.4804750445,59.8857564596,-47.896344316,-35.3346534191
312.68,50.5708966476,60.8459323084,-47.5213333848,-38.665657483
312.7,44.1594021137,59.3843770865,-45.2051737508,-39.7840458279
312.72,40.7084664484,58.7307410401,-42.9404524474,-41.581522941
312.74,38.7377978955,58.3338082844,-42.2155952213,-42.2881967922
312.76,35.0371510164,58.1740988438,-40.9883878579,-43.4589998876
312.78,33.6645467138,58.980451286,-39.8114740526,-46.7102336604
312.8,31.3179309534,56.6186767136,-36.6133593917,-44.8075404553
312.82,28.5893921296,54.1713838781,-33.5867178203,-41.9213212606
312.84,26.3574765508,50.9974075836,-28.8644444142,-39.2600585308
312.86,25.5627431076,48.1224514112,-25.7762028289,-35.8979719174
312.88,25.2500658797,46.2532788137,-24.4107928764,-31.8643454317
312.9,26.3337874145,44.5022120297,-22.4436735713,-30.0057827877
312.92,25.7156880917,41.2471552116,-19.407897426,-25.8550421678
312.94,24.345065284,38.0579518085,-16.9320588174,-21.7275848881
312.96,24.1460457129,34.5369037908,-13.4483342104,-18.2822625268
312.98,23.7301881417,29.0178300364,-9.576924014,-12.2318742807
313,20.2327032753,23.3295264848,-4.7280918229,-5.5786188058
313.02,18.5385002423,19.9300847999,-0.7866843255,-2.6293793667
313.04,18.4726195962,17.1539072089,0.7801980421,0.9937100183
313.06,16.6223034035,14.1790276443,2.4286992043,5.0417462398
313.08,15.4139818809,12.4170432776,4.8300341425,6.0713349308
313.1,12.7989357479,7.5368754941,8.8828183185,11.0564952461
313.12,10.886311667,3.3288390823,11.357718745,15.7803386268
313.14,10.167699746,0.501199838,13.7586635632,18.3088296497
313.16,8.9949379403,-2.5096907165,15.9049315975,22.0295269279
313.18,6.6602028148,-6.2793141316,18.2895996618,25.5537667488
313.2,6.9587946961,-8.5850704377,19.737116181,27.8099971118
313.22,10.288722691,-8.3865302335,17.6206339465,28.2700352223
313.24,8.7982972241,-9.4216287316,18.1369338302,28.9565319164
313.26,10.5889716739,-7.6176798372,16.9464133407,26.892324047
313.28,13.5586692646,-4.293126216,13.7299646559,24.4248157132
313.3,13.7741204679,-2.5173438595,11.928238807,23.2820676693
313.32,16.6880612451,0.6332344336,9.4382922176,19.8471619147
313.34,18.9115399043,2.9396217241,6.609112881,18.6668784194
313.36,22.9328948955,7.837130351,0.6961696451,15.452361828
313.38,28.4965446554,14.3914987875,-5.2520486352,9.5119992232
313.4,32.9163492895,19.5614263848,-10.9334657926,5.5438014684
313.42,38.0957731676,26.7052121382,-19.008775318,0.3840530159
313.44,43.4764522481,34.2608757821,-25.6188380322,-6.6740380256
313.46,44.9160480436,37.3000587842,-28.4167761465,-9.9039572763
313.48,45.9595358392,41.1899763364,-31.9472004249,-12.8160006092
313.5,50.3864423419,46.6288314463,-36.7337176537,-18.3375007656
313.52,52.3265084247,50.4057364413,-40.066868647,-22.046434975
313.54,53.3596504991,54.5434423082,-44.2970355975,-26.4506086377
313.56,54.3263680055,58.813632353,-46.9824491425,-32.5988988401
313.58,52.0839058867,59.9768817972,-46.8783051756,-35.7527885003
313.6,47.1037061529,58.8330843166,-44.8300891831,-36.3607420845
313.62,44.6995490861,59.2240317951,-43.4751991211,-39.3867674597
313.64,42.0197492424,59.3125067699,-42.6053856312,-41.5281409777
313.66,36.6643430213,59.024721075,-41.3340208522,-44.3766569574
313.68,32.5831604167,58.7500591772,-38.9471418391,-48.4847317083
313.7,29.1711715454,56.9028050195,-36.5886598844,-48.9915659594
313.72,23.6660915725,53.4944907843,-32.6390590346,-47.1069281041
313.74,19.6661074824,51.7167316325,-28.1137895452,-47.8567204499
313.76,15.4874216643,46.9033166675,-22.5136578086,-43.6711672421
313.78,12.2895381584,44.3232279285,-18.9518427264,-40.931212967
313.8,9.8215108022,40.2070846799,-13.1921791471,-36.040406711
313.82,6.4530458982,34.6720124912,-6.5856830991,-30.463408226
313.84,2.1791287656,29.6168142021,-0.3472648638,-25.1805445058
313.86,1.8344771877,27.6205418908,3.0224180828,-21.8226195543
313.88,-0.9682210934,22.9496767564,8.1243911687,-16.4736420574
313.9,-3.214438361,18.4745301222,11.7604315469,-9.9400212988
313.92,-1.0896424207,16.9628630215,12.5583174044,-6.4369440506
313.94,-2.2896440643,12.1353244628,15.9288998101,0.2065072389
313.96,-3.1912704514,7.4234062228,17.8935777276,6.8582294695
313.98,-4.3842138738,1.6498069933,22.0497911639,12.7775021553
314,-5.2354028091,-4.4615539406,25.5810227689,19.0925217431
314.02,-4.2727116917,-8.3300540709,25.8755507649,23.9978525556
314.04,-4.2018479344,-10.8388856724,27.8503767067,26.6629032199
314.06,-2.1679024945,-13.0637875293,27.4862254501,29.6713411151
314.08,-3.2235808063,-14.8121052726,28.1437506164,31.7565960973
314.1,-1.6626763904,-15.8664194102,28.477642147,32.2417755419
314.12,-0.5861757091,-17.4137416293,28.9361964114,33.5825670788
314.14,0.983203868,-17.6851055231,27.2179610623,34.8373440649
314.16,3.9942283413,-15.2427436203,25.3725083781,32.3858637596
314.18,10.9265410035,-11.5957221487,19.4233317159,30.3337055632
314.2,15.5520735042,-7.2976490939,13.6304382665,26.5264086297
314.22,20.6395499136,-5.6435360792,10.7479595968,24.9306301275
314.24,22.5366157772,-5.1952722642,9.3878863746,24.8237272549
314.26,22.6055191128,-5.113127106,8.3530949631,25.4104868987
314.28,23.3825278982,-4.9017907833,8.3352023278,24.5400970079
314.3,24.8115491491,-5.134451803,7.3759891235,25.8822477576
314.32,25.3377941837,-2.018770022,4.6852161556,23.2636164192
314.34,29.1288092866,2.4443297537,1.1957805473,19.0115530864
314.36,28.9548387735,3.454528453,0.8371057048,17.4661460308
314.38,29.227269136,6.5102306947,-1.3674866363,14.4235494707
314.4,32.0063784099,11.3062913186,-4.2340032211,9.6118981888
314.42,35.9159302705,16.8957241573,-9.2540478115,4.8942027406
314.44,40.0663945592,22.2345072895,-14.8523427238,1.3819612842
314.46,46.3224963087,29.7794139043,-21.6549219357,-4.631481839
314.48,52.5040011562,36.3652862122,-29.0310347034,-9.4179299694
314.5,53.3907534126,40.743425342,-32.8719808896,-13.6961418061
314.52,56.5760008389,46.0663401715,-37.3138138985,-18.2756961493
314.54,61.3484556178,52.4111211434,-43.8548868307,-22.7936755724
314.56,63.1718042582,56.8586113115,-48.9006611749,-26.3864851697
314.58,62.4546744915,59.1742394811,-50.0938892196,-30.2801180582
314.6,60.2600277145,59.9946589718,-50.6224375972,-32.3865578714
314.62,54.7829884693,59.5074956914,-49.2767749904,-34.7186789482
314.64,53.00924887,61.67839417,-49.8600513471,-39.497603467
314.66,52.0643921159,65.2686731228,-52.4828265398,-44.1631445403
314.68,49.0612221605,67.3530869682,-53.9703517028,-48.3665748015
314.7,47.2088392549,69.6667783421,-54.7584245149,-53.9281194233
314.72,43.7368476077,69.7620110317,-53.8681038626,-56.5442033702
314.74,40.4205459528,70.9231054173,-54.3428779008,-59.9797048357
314.76,37.1034472086,71.671278167,-52.8331036392,-64.3161892076
314.78,32.3768293467,69.8794051855,-49.9897831056,-64.6203211019
314.8,29.215730292,68.6697553609,-48.2174467839,-63.4204095261
314.82,30.9318685864,70.4136475026,-48.5174651323,-64.4241030514
314.84,32.5750308597,72.0481159113,-49.5208215551,-63.8748093751
314.86,32.9358270456,73.8486725806,-50.8028342998,-63.7027373994
314.88,33.4945803373,74.9661533313,-49.2865484011,-64.5177748544
314.9,32.3499013723,72.9994696507,-45.8195564317,-61.5688030725
314.92,29.5424828068,69.4077282423,-41.2967709505,-57.2946716915
314.94,28.2451366022,66.0552345885,-35.9673310475,-54.2496333716
314.96,26.1074249278,61.7099514067,-30.4383517156,-48.9897997351
314.98,22.8712530743,57.4877780249,-25.1926836541,-44.1508211821
315,23.6455677378,56.4345088229,-22.7515763749,-42.4754953671
315.02,23.6965782537,52.520539661,-19.5177849146,-37.2578765839
315.04,20.0826395949,45.8500576172,-13.5030642595,-30.6740197287
315.06,17.7962722439,38.1719501699,-6.5004949517,-24.0039410996
315.08,14.8893581029,30.1747017295,-0.0627854292,-15.7946833015
315.1,14.6108024495,24.6881000585,2.0800562769,-9.630887082
315.12,14.9538726516,21.2325359305,5.0407856811,-7.0463134343
315.14,12.3104650149,14.6377960524,9.8970655572,-0.8670105034
315.16,8.8597241187,9.1387274082,14.1289130721,5.0244252082
315.18,6.2500649407,3.6482603515,19.6551736033,11.3663623966
315.2,3.6698389597,-1.911282655,23.6685708445,18.2882238885
315.22,3.5573957853,-4.6694280326,23.1945917641,23.7768811552
315.24,6.0754657918,-5.3092890047,21.9067833966,26.1747877269
315.26,5.6263837097,-7.9077211218,22.8615445317,29.5976929879
315.28,6.2765803352,-10.1503130948,22.2158559457,32.1380043066
315.3,8.1768229645,-11.2607639845,22.1802885856,32.6408712005
315.32,7.4439581658,-14.0499109996,24.096167158,34.9623579186
315.34,6.5581725037,-15.213785465,24.2780289601,36.5737925457
315.36,7.4866452032,-13.4843897849,23.7921718838,34.9124600973
315.38,10.4647326291,-10.9156850325,20.8083130145,33.807795994
315.4,13.6685077552,-6.3998635572,15.7650475856,30.8215708758
315.42,18.9223942628,-2.882225177,11.7713546108,26.8983890982
315.44,23.7602861418,0.5332035545,7.0682623712,24.3078712335
315.46,27.3881594569,4.600890616,1.8110222056,21.5989772231
315.48,33.6774602015,9.7292252579,-3.9872088252,16.7837537247
315.5,37.437484491,13.741134052,-8.364740186,12.9616000087
315.52,42.1107286332,20.1247749114,-15.4599391941,7.7237833045
315.54,48.0676213383,27.6393156206,-22.3374590797,1.4976542858
315.56,51.8370479703,31.21841092,-26.8109079495,-1.3862620751
315.58,53.0622990551,35.0657891173,-30.3341372512,-4.6792078631
315.6,57.0486657132,41.8543927606,-35.6402629083,-11.0213465513
315.62,62.865014689,51.0287936644,-44.2937694671,-17.9222096351
315.64,64.2221291147,57.7555990248,-49.7389809951,-23.7952453135
315.66,65.1905843524,62.5058614479,-52.7938332356,-29.0196182643
315.68,63.7130438145,63.8357574263,-53.3289230762,-30.9345159025
315.7,60.495044185,64.1937994715,-53.086857779,-32.7306998405
315.72,57.1961868267,64.6128117599,-51.3803780304,-35.8911003941
315.74,52.0816182452,62.732876214,-48.6139771455,-36.2535529867
315.76,47.6117557792,62.1451837448,-47.5868403753,-37.6135568028
315.78,43.4256761936,61.1830012043,-45.0090794125,-39.9388375304
315.8,39.3681783683,59.8921884618,-42.9342754977,-41.3999785442
315.82,32.7238791526,57.6789622906,-39.249605692,-42.114276795
315.84,29.3062798068,56.1400546619,-35.7925970266,-42.5020623135
315.86,25.6677114298,53.5586047579,-32.1694179347,-41.2998980256
315.88,21.8399139045,50.7789126222,-28.3817204849,-39.1487859427
315.9,19.9800787726,48.2365770022,-24.0017639764,-37.8427614792
315.92,19.1873856308,46.2307877301,-21.2739067628,-35.5134006375
315.94,16.1225027929,43.8787205391,-17.8829515684,-33.695672311
315.96,14.0865098502,39.1253981636,-11.9435932901,-30.0342699401
315.98,13.4298294576,35.0980521946,-7.7933061194,-24.3203365133
316,11.7646247485,30.1277252773,-3.8865444776,-18.149498426
316.02,10.3317657477,24.9575148199,1.3538425095,-12.2359045878
316.04,8.9365272542,19.1605851342,5.7628109718,-4.9031107378
316.06,8.0268187111,14.7411971744,8.2109981768,1.687493795
316.08,10.703565078,13.1502029984,8.4601434369,5.0108142416
316.1,9.880899931,9.3797531054,10.7273235155,9.4761105782
316.12,8.2778746416,5.931250734,12.526650373,13.1770996653
316.14,6.7929983448,2.1236440328,15.9945809884,16.2113595061
316.16,4.2022501531,-2.8842990087,20.0799289796,21.3850551154
316.18,1.153671342,-6.8903439669,23.1119924976,25.8552008934
316.2,0.7243535066,-8.8705301374,24.9672045153,26.8145340869
316.22,-0.4932402754,-12.6864253222,27.3763322043,30.418699836
316.24,-1.7043801401,-15.6021258746,28.7369718247,33.6734078723
316.26,-0.3614141498,-16.8941826767,29.4467958495,34.9343905556
316.28,1.6034028736,-16.7844713113,28.2739333691,35.7714724105
316.3,3.9962801198,-16.5652385323,25.9572556119,36.3802814515
316.32,5.3647192258,-18.1449785624,26.8156910334,37.4368892191
316.34,3.5553493062,-19.5088895426,28.5742935983,37.9728018971
316.36,0.4657982821,-20.8295164793,30.3054416919,39.1374801659
316.38,1.8205672654,-21.0212066394,30.5287159358,39.0740884673
316.4,2.9113906564,-20.872909983,29.5383663908,40.0961936374
316.42,4.9524810498,-19.623650029,26.6797640048,40.0670816321
316.44,7.8490131849,-16.7978274627,24.072320856,37.5235993575
316.46,10.5572415368,-17.8582583448,22.5515353271,39.1741213779
316.48,13.3113783495,-16.614682334,19.2397068476,38.4419898882
316.5,16.5507583926,-14.950959506,17.377824289,35.731193312
316.52,21.9870827478,-15.4740966436,14.3954087719,36.1487751321
316.54,24.4047225281,-14.3287616076,11.552633705,35.0553518851
316.56,30.780530968,-8.5313549057,5.4373667909,29.7316021132
316.58,35.9017494267,-5.1284139869,0.500931911,27.4946188612
316.6,40.6227204363,-0.9973477936,-5.3763123507,24.9197795017
316.62,46.6332028721,4.2522082033,-11.0740618164,20.5941558203
316.64,50.1618299703,8.3483944752,-15.1226144579,17.2843475895
316.66,49.7959445026,11.4444357132,-17.1533690394,14.1592194032
316.68,52.0732418518,15.9942434856,-19.7515105041,9.5546601726
316.7,53.3137821837,21.7475468787,-23.1938423179,4.7769127596
316.72,54.5573132453,26.6086529413,-27.2308596992,1.569100423
316.74,57.7563505071,33.5507042843,-31.8134899012,-4.0536004642
316.76,62.1418362275,39.9660532284,-37.7935811807,-8.3416456423
316.78,61.5086250356,43.8647070215,-40.3568344283,-11.5818858331
316.8,61.2791390539,48.0608718964,-41.7751008357,-16.1481696453
316.82,60.5840103123,52.6368282238,-44.4728809681,-20.7958696796
316.84,62.0098759974,59.9271543166,-51.0425772039,-27.8918549676
316.86,63.8110825502,67.1927512574,-56.2495665295,-37.0409592175
316.88,60.6275269379,68.9100099976,-56.7290604184,-41.9605651325
316.9,51.0628555785,65.3579217208,-51.6190784626,-42.8404154567
316.92,44.1939126872,63.0595884991,-46.9447268086,-45.1685314119
316.94,39.5293590716,60.6899910684,-44.0302350605,-44.9033375471
316.96,33.7977559379,58.0271706802,-40.7898406356,-44.2107770045
316.98,31.3046449062,56.7614986942,-37.8176126526,-44.6152326245
317,28.4933179016,54.8723385519,-35.366075152,-43.4499359836
317.02,27.8646150292,55.3431184471,-35.9634348753,-43.5276807627
317.04,25.7146021831,54.682462165,-33.4971059829,-45.297991271
317.06,23.2725627616,52.6038585595,-30.7604695486,-43.9825927818
317.08,21.1399630878,51.3811990405,-29.1141023179,-42.36335152
317.1,19.678086389,49.1610804095,-25.2615643062,-40.6008727876
317.12,17.0433826634,45.3061011203,-20.459724983,-36.6981250692
317.14,14.8625622935,42.7262789896,-17.3077997267,-33.2660362308
317.16,13.6727392471,39.3107404221,-12.2052662186,-29.9120013448
317.18,11.5700510915,32.8235121672,-5.8184065937,-22.5406981871
317.2,10.8999971595,29.1835655584,-2.8540037573,-16.4228388207
317.22,12.2467852203,26.8121002916,-0.9710700689,-13.1989067835
317.24,10.3225757928,21.1607986595,3.2556681557,-5.9028095873
317.26,7.3404693202,15.8074874149,7.2812624891,0.6292360542
317.28,6.510139381,11.7215877164,10.7043895434,5.0021970133
317.3,4.4863680741,6.0420233938,15.2055021394,11.6698071743
317.32,2.5885809692,2.1610168784,17.4133614476,16.7736431648
317.34,3.3090421191,0.0495334107,18.6832787868,19.2893389314
317.36,3.1145719217,-3.7237116703,20.3796578896,23.0787476178
317.38,1.6665438685,-7.2001047326,22.0108238629,26.5840769557
317.4,5.1318553767,-7.6403981,20.9368747479,27.7737822986
317.42,6.4647771281,-8.6946838411,20.4465900873,29.4539695779
317.44,4.6573830583,-9.4382652143,21.0099933974,30.5628772848
317.46,5.6109037908,-9.7709786542,21.5303150938,30.8302444615
317.48,8.7180922973,-8.0319017692,19.030685883,30.2264809856
317.5,9.7690992404,-6.6338525356,17.0485130247,29.6539897033
317.52,12.2022268175,-3.8109903598,14.7373673059,26.6290749356
317.54,14.6259344525,-2.2320439264,12.6178982118,25.6981545013
317.56,18.7803874867,-0.2596868186,8.2360685268,24.5703269778
317.58,23.1074080166,2.080916169,5.5302447496,21.9180144008
317.6,27.3602217175,4.8516265694,1.5921543754,19.7835867435
317.62,31.8638646268,9.1736191454,-4.2913861181,16.5458800447
317.64,37.2224204567,15.9528076876,-10.3597070066,10.4154186017
317.66,42.5044713788,23.3056509215,-17.4282619021,4.3645248663
317.68,48.2646274849,31.8369313397,-26.3800783191,-2.6440348367
317.7,51.7195540438,37.7166291689,-30.8520622853,-8.8143900093
317.72,52.4324166047,40.7165990146,-33.1828313336,-12.1442536237
317.74,51.3950347592,43.6819992503,-35.0076126148,-15.5937507995
317.76,52.96749825,48.9623372292,-37.9403233298,-21.4029119373
317.78,54.9947508277,52.9806819751,-41.6716267272,-24.4957668411
317.8,55.3985394805,57.2038631876,-45.6561608695,-28.3243011196
317.82,53.8260739266,59.0471535145,-45.9446102967,-31.6987840964
317.84,50.0267805598,56.8944162914,-43.5200586147,-30.8144779247
317.86,45.051358042,55.1497454922,-41.4794394318,-30.474983441
317.88,42.8664386222,55.4822758994,-40.3404714477,-32.7540343204
317.9,38.3889336167,52.973171856,-36.8719055708,-32.6976395795
317.92,33.6539874807,51.3089376293,-34.3300686264,-32.9341956833
317.94,30.3205493819,49.381065648,-30.4566669675,-33.5804821904
317.96,27.3588030779,47.6869655372,-27.400363057,-33.714211489
317.98,22.8824343113,44.541239178,-23.0558693444,-32.0715443782
318,19.7949487183,39.3877658444,-16.4432712732,-28.5330397963
318.02,17.1073134907,34.9111513514,-11.0778129727,-24.1700062335
318.04,14.2416108212,31.2168564046,-7.2231266941,-19.8392417899
318.06,12.6423829772,27.6893072052,-2.6939780119,-16.2680476088
318.08,10.7948456651,23.1405545819,1.3807967308,-10.4291291342
318.1,8.3049959333,18.6360443298,4.9015801101,-4.111734625
318.12,8.7462041609,16.6434166947,6.5904927878,-0.4113575653
318.14,10.6194146066,14.7713878381,6.2521776319,4.1206386666
318.16,11.053311423,11.9346001445,6.4428159611,7.6475599624
318.18,9.1139511631,7.9252368218,10.6295338124,10.275990203
318.2,4.7808171052,1.1266466248,16.9834423517,16.3391370596
318.22,2.1884008158,-4.5299508374,20.7719804541,22.8096296137
318.24,1.1092991994,-6.8935413248,23.5725685769,25.3681398179
318.26,2.1095665025,-9.3540821494,24.1442358549,28.6251999901
318.28,1.0809101997,-11.6508706129,24.931697241,31.6928099607
318.3,1.6880649985,-13.6120510001,26.0280048596,33.8582811998
318.32,3.5797286655,-13.7881349495,25.210494562,34.7381896993
318.34,1.9698647554,-15.5414782112,26.3298385424,35.8997113678
318.36,2.4643587943,-15.4598879446,26.9508973655,34.7558290219
318.38,3.6259243162,-15.1310538078,25.849101883,34.8885147824
318.4,4.4868161737,-12.3420069559,23.1615960307,33.1229655275
318.42,9.8329816998,-8.4244982697,18.954683478,29.1297949635
318.44,12.4844705691,-7.2314752957,16.9093169674,28.353824288
318.46,14.1159815242,-6.5453777922,14.8248663999,28.6807172992
318.48,16.677768081,-5.1401881265,13.2187858052,27.0979987368
318.5,16.1518099328,-5.9291404901,13.8797749654,27.0897317267
318.52,18.2911509396,-7.1152479877,12.3729736114,28.5620152531
318.54,21.4439416166,-4.531071913,9.8535072325,26.8886845821
318.56,26.5496710185,-1.3719383431,4.7749000472,26.2187005369
318.58,29.9364597288,1.9817670928,-0.1543558431,24.1099170303
318.6,36.5220185922,5.3226158442,-5.196754775,20.8083847061
318.62,42.9335038533,11.4000739418,-12.3451229635,16.6306969669
318.64,45.3688052541,18.1594364898,-18.2142830888,10.9424799888
318.66,51.8212557679,27.2030721156,-26.045252088,3.3491542462
318.68,59.2568618636,35.8741168384,-35.1554863404,-3.0846649219
318.7,61.689629715,42.9976048207,-40.9890334693,-9.190388107
318.72,61.6265775079,46.5346280499,-42.1456488791,-14.180573979
318.74,61.6450034258,49.503793574,-43.9724130171,-17.2962413985
318.76,59.0790233103,52.8860575641,-45.6066585765,-21.1781245296
318.78,56.0387200627,54.5757621673,-44.5989060248,-26.1797537921
318.8,51.1100014935,53.7674148829,-41.7963018588,-28.384805842
318.82,43.9851885763,51.2314002524,-37.6779888541,-28.5444340645
318.84,39.1911799382,50.849920333,-34.2057559052,-31.4983796025
318.86,35.9641667502,51.5206873716,-33.1664299367,-34.1729506106
318.88,27.3059369792,49.1361140536,-28.2822032464,-36.1487732689
318.9,21.3122284305,45.7216035391,-22.1583787791,-36.3501524858
318.92,15.7135604788,41.4116265643,-15.955983154,-34.2037774266
318.94,11.6827901864,39.154843577,-12.0523299435,-32.1227098685
318.96,10.5765451336,38.2269388369,-8.9442004263,-32.3321465777
318.98,8.5502915028,35.1726678187,-5.1524151789,-29.6042659838
319,5.8996761035,32.1923344189,-1.6792359257,-26.0747499801
319.02,3.5963479188,28.6776750636,3.7283865832,-22.5288103403
319.04,0.8545928424,22.6453832465,9.576164729,-15.4000404165
319.06,-1.7206025069,16.5410454627,13.7122032699,-8.3219585288
319.08,-2.3135787915,11.7512926975,17.1905352735,-1.600630481
319.1,-3.3079849228,7.7947699775,19.7310697927,4.7131476655
319.12,-7.7852267779,1.7109602511,24.402815475,11.745650003
319.14,-8.9337251504,-3.2447822336,28.1815744284,15.8653065323
319.16,-9.0708518442,-8.1786496739,30.5611677764,21.9454579308
319.18,-8.7198447721,-11.0320958621,30.6321498189,26.2029231467
319.2,-8.0612720532,-14.0517062322,32.3780049902,28.7305746256
319.22,-6.557534223,-16.4679635996,32.5906458114,32.2368191495
319.24,-5.8378605037,-17.0769206698,31.7941658517,33.5566633847
319.26,-5.7556076174,-17.7312555906,32.8630798275,33.2253639149
319.28,-3.6508935153,-18.3244138097,31.9580954209,34.3971905314
319.3,-3.1697279559,-18.0116523618,30.9690550063,35.1520430979
319.32,-1.8649073962,-16.4945601541,30.3847885786,33.4504639695
319.34,0.1917383177,-15.556779246,28.9149018146,32.6187268716
319.36,1.6437450585,-13.6057535323,26.2844750427,31.3457705897
319.38,6.8889235759,-7.8892868584,21.2178113904,25.7900970008
319.4,9.6259918804,-4.7042100178,18.1777964778,23.1373884889
319.42,12.3220265427,-2.0759062752,14.4620623845,20.3044384081
319.44,17.9255536283,2.2602956916,9.842576685,15.498511024
319.46,23.4344873614,6.7525779106,4.2295390951,12.1431675705
319.48,30.3201218137,12.2423181422,-3.9346636488,8.1039862028
319.5,38.3152797332,18.8226857847,-11.8820324171,2.3096687905
319.52,42.9534464032,22.724571741,-16.9097048123,-1.1419340053
319.54,46.3217550292,28.257872224,-22.6047427502,-6.1522314939
319.56,50.1678132492,34.868099779,-27.5642825025,-12.2749534979
319.58,53.9392542197,41.5363547553,-33.4522876433,-17.065040609
319.6,55.2300951536,46.6725343094,-38.358524369,-20.8527557522
319.62,60.9336772001,55.3700844999,-46.1781012769,-28.2487224827
319.64,67.5770519804,64.8226798051,-55.7501572757,-34.4646241445
319.66,65.5720548937,68.7799890517,-58.6517878566,-38.6668505161
319.68,62.1062333001,70.6121456586,-58.4773753215,-43.7974783912
319.7,59.1428263621,72.9385602388,-59.7846427929,-48.8389011448
319.72,52.8244868589,74.5132641685,-59.3255640977,-54.1230319577
319.74,49.7361909109,76.348477338,-58.7404847871,-59.1671830396
319.76,47.1986513043,78.0433844315,-58.8977667543,-63.3739175521
319.78,43.2664604369,78.8404949969,-58.578319947,-65.7470050134
319.8,45.4965402413,83.1822340031,-61.7108056496,-71.4067875572
319.82,46.6987835705,85.1142120225,-63.5790598797,-72.7891607482
319.84,46.8239324783,87.4385705658,-65.307469054,-74.2994423614
319.86,48.9395820332,89.4618008811,-65.7981369996,-75.6665099385
319.88,49.5341017441,89.3415257697,-65.4478102536,-74.8751629244
319.9,46.0013269518,85.8850872767,-60.9956493654,-70.9642336867
319.92,43.9488357035,81.4855776681,-54.802787906,-66.3082206642
319.94,42.2112545034,77.161779686,-50.0293315523,-60.7429255622
319.96,37.2698130882,72.4596678053,-43.8393989678,-55.8805303936
319.98,36.051928459,69.5962500051,-39.3879040584,-53.6264438421
320,34.270521357,65.9288010313,-35.4838685161,-49.4524205766
320.02,32.5626013642,64.1414323799,-33.3619886303,-46.1740460466
320.04,33.2216121671,63.0076890084,-31.5997155674,-45.3136930657
320.06,33.4094436323,61.075129395,-30.0167941998,-42.2942139403
320.08,28.8800371337,56.5941360689,-24.5827012176,-38.1084587134
320.1,25.9668607433,51.5900778636,-18.1748368023,-34.5023680456
320.12,22.6841491142,44.5401765178,-11.2348390509,-28.0781231601
320.14,18.9105983091,39.1677151472,-6.3531417163,-22.3749252529
320.16,18.1022748417,34.6517970738,-1.4389574086,-18.2933966318
320.18,15.3934747284,28.63744199,4.1689001164,-12.1938939351
320.2,11.6671392252,21.943171779,9.2602360786,-5.5079240422
320.22,12.1855909813,16.469590488,12.3150515264,-1.3226065464
320.24,9.9697924306,9.7564609747,16.9639058719,3.9111108057
320.26,8.2239032148,5.1484947722,19.1470913834,9.072199865
320.28,8.1610971308,0.3760670236,21.8314517324,13.6394637004
320.3,6.1901850122,-5.8220907593,25.3106534494,20.3911610226
320.32,5.0724517399,-11.3278250639,26.9432427715,26.9434922541
320.34,5.7465886511,-14.0056072314,27.5462234447,31.2439909505
320.36,7.3139704427,-16.318036594,26.6335130338,36.1194093646
320.38,5.3205072852,-19.644856683,27.8359129183,40.7805929036
320.4,5.3686485723,-21.5916424667,29.072551206,42.3724247007
320.42,5.5489949677,-25.2318210134,30.062526583,46.9177249043
320.44,5.4052762923,-26.0704775085,29.0252586589,48.9377505614
320.46,5.5708551753,-28.0444742501,30.5044195862,49.8906359402
320.48,6.0175439588,-31.4597967058,31.7682912101,52.71185689
320.5,5.7348301891,-32.5193246672,31.5786139602,52.8807916369
320.52,11.8315058543,-31.4462852309,28.1402771969,52.1131715809
320.54,15.3981938939,-30.5689818721,25.4112536894,52.3048152272
320.56,17.7292614205,-27.467662041,21.2871539537,49.8258766751
320.58,21.2412412137,-22.3427062702,17.1974192581,44.1047506518
320.6,25.0275574592,-19.9829942745,13.3277403291,42.224163819
320.62,27.5644844832,-20.9405897743,11.4284045142,42.1768658088
320.64,34.8308931442,-19.0815289867,7.1559954249,39.3590891491
320.66,40.8999659757,-15.684049935,1.989458605,36.5226349344
320.68,43.9355689809,-15.088928483,-0.9147235165,35.2667395982
320.7,47.7865761393,-14.8638573531,-2.2983412427,33.7480514834
320.72,53.3293693175,-14.1592657898,-5.9069994428,33.9101680013
320.74,54.5394008481,-11.9358556279,-8.6318364077,31.9160698035
320.76,55.2983057625,-7.809818976,-10.3093650861,27.308973619
320.78,58.7589959158,-5.0087461837,-13.7335307879,26.5005652136
320.8,60.7037448347,1.0479905044,-18.9091255324,21.9023322415
320.82,62.2376650589,9.5761900458,-23.0854718729,14.2000956917
320.84,64.6309762214,18.950229,-28.9360276828,6.5495834607
320.86,67.1986117234,28.6858797773,-35.9737696307,-0.7594158204
320.88,70.2863082615,37.3783582842,-41.4693981728,-8.0451468588
320.9,72.3756969672,44.1936777638,-46.3615705385,-12.6743887783
320.92,73.073340612,50.6591269451,-51.4488321725,-18.3321984081
320.94,74.6191332068,56.5374589546,-54.9369393986,-23.9777592988
320.96,75.0942533951,61.4699813181,-58.8369667134,-28.2186240848
320.98,76.2609798181,68.0523128681,-65.0976306298,-34.815929424
321,76.7745157236,73.5096533429,-68.7968561919,-42.4437301421
321.02,74.2858820492,76.7887822305,-69.8460070816,-47.12651711
321.04,71.0869026401,80.8994688894,-72.4260936354,-53.1267842475
321.06,69.0666217498,83.9634697069,-73.2891920099,-59.6885480454
321.08,63.9264758088,83.3572633699,-70.0934175993,-61.6698983642
321.1,59.5289222049,83.0408407215,-67.8322284265,-62.5949897009
321.12,56.5314986855,82.0398408417,-64.4732729296,-62.9660689042
321.14,51.9687604133,78.2672931326,-58.8279944307,-60.0676979069
321.16,47.2691331512,75.0391546125,-54.2499075117,-57.7041184193
321.18,45.1491009643,72.1458427577,-49.8319300969,-55.9092244554
321.2,39.0074735382,65.6216199655,-41.0855491035,-50.2044761649
321.22,34.7049297744,61.218176019,-35.9122467992,-45.8298416719
321.24,33.2472472597,58.028568557,-31.6763847041,-44.1549328445
321.26,32.367531299,53.6565440537,-27.9968679053,-39.900812521
321.28,31.3621766945,50.5681031969,-25.4649889046,-36.3310808682
321.3,33.3441560792,49.7464546928,-24.029212062,-34.5854894479
321.32,34.5617630037,47.2520813875,-22.5359555499,-30.4913569241
321.34,35.5574204848,45.5051875301,-22.2011544501,-26.7482190945
321.36,37.7745684794,45.2448013903,-21.7741156313,-25.729269502
321.38,33.4196998824,39.1882045088,-15.1030292049,-20.0809944228
321.4,28.1093444865,32.4382954771,-8.5707963868,-13.7721830555
321.42,26.4012720844,27.4642328284,-3.4161082128,-10.2909335409
321.44,25.303681793,21.2816933376,0.2341750458,-4.7607745675
321.46,23.2096803838,16.4075832827,3.3082480153,0.2923230857
321.48,22.3368716955,13.6382800573,6.6105904998,2.6329738561
321.5,19.8213525555,10.0178418387,10.1107890289,6.8277314993
321.52,19.1705691192,7.0410793052,10.6109648994,11.2903962593
321.54,16.913503397,0.8672132939,14.8857492376,16.5846838983
321.56,13.4550781747,-5.3025769159,19.0004229428,23.9590035047
321.58,11.9804392964,-8.5759412822,19.7716389218,28.6628002536
321.6,11.4144763725,-12.1275879879,21.9571859886,32.1946163999
321.62,9.2520568404,-15.1167077239,24.2739698054,35.2976262485
321.64,6.6184411114,-18.4550818601,26.3987863535,38.6024032304
321.66,7.3927961476,-19.6511147972,27.1610251728,39.3462571614
321.68,6.4110563018,-21.1602976206,28.2812333306,41.406116688
321.7,7.1188505208,-19.877573152,26.2253310289,40.5276569776
321.72,7.6480089069,-20.7665969594,27.2773246158,39.5683915668
321.74,9.5077663377,-20.9399659412,26.1612840655,39.9444335842
321.76,12.8716118196,-20.5338610216,22.9826063558,39.850281659
321.78,16.9598734523,-17.4600619117,19.9273641443,37.0230914362
321.8,20.0272816052,-14.0386866444,16.2579181927,34.6324246896
321.82,25.4570221827,-9.7222919585,9.9618051013,31.9836356496
321.84,32.3326648167,-7.440917085,5.5862440953,30.0903107605
321.86,41.3133929174,-8.0810080208,-0.0224632784,32.0209721473
321.88,45.8693988386,-10.1363280456,-3.2325834095,34.8617159432
321.9,51.0839635341,-8.5494318175,-6.5423260511,32.6720557097
321.92,56.0947200218,-4.6923484977,-11.6542146878,30.0422013809
321.94,56.7270104117,-1.6209393956,-14.6668479283,27.00268738
321.96,57.5611451277,0.3916491646,-15.3869101666,23.8577930159
321.98,58.5876164922,5.1632815638,-18.3015737483,20.3750007304
322,57.9458290624,12.3787353943,-22.1348643701,14.2959917138
322.02,57.1514236982,18.3516491923,-23.6393546334,8.3409304272
322.04,56.1356562983,23.1727301612,-25.6901164755,4.2625475176
322.06,53.781418444,27.4956254132,-27.2811723324,-0.0382010973
322.08,53.2070102263,31.7746952224,-27.918376563,-4.9624414029
322.1,53.2661125605,36.2638611834,-29.940530957,-8.4909560301
322.12,53.5344508323,41.3970654648,-33.4880661666,-12.721685451
322.14,53.8005673859,44.8744819482,-34.7349363579,-16.992637718
322.16,55.6283603911,48.4765419031,-38.0283758424,-19.716179892
322.18,57.7144235012,53.1810433812,-43.040921586,-23.4122751341
322.2,59.3274938399,56.4021213707,-45.218219176,-27.50471503
322.22,56.7175213202,55.0674121584,-43.0908294638,-27.344526005
322.24,52.4083654804,53.0720043967,-40.7136605482,-27.1605502148
322.26,50.7116985553,52.5116058165,-38.7594564456,-29.1750577492
322.28,47.8695960614,50.5294063688,-36.20832531,-29.1448522032
322.3,46.8349086165,49.4011845399,-35.7589134273,-29.113235029
322.32,47.4734425558,49.9324094254,-35.6982835057,-31.2717541507
322.34,44.557223093,47.4800883424,-32.7455067167,-30.9996622253
322.36,39.8041081025,43.6379476371,-28.8643435572,-29.9309121364
322.38,40.9147866935,43.0767010716,-28.0370021706,-29.5729637769
322.4,40.6338223449,42.3747103467,-27.077332943,-28.8608036011
322.42,35.3602823462,38.3861088648,-22.571741988,-25.4772314575
322.44,32.9775851368,35.7961910825,-18.5281986642,-23.6527502174
322.46,30.331787851,32.0183169511,-14.3693696451,-20.3249262817
322.48,25.5919311355,27.9087980838,-9.6151443098,-16.1943678897
322.5,25.8078512679,25.1724145241,-6.7319927894,-13.4679065572
322.52,23.7489807348,20.2625285314,-2.3587156451,-8.4107155327
322.54,21.2881699362,16.8892903708,0.5051977759,-4.0838420696
322.56,22.6460199652,15.6507857243,1.2766537426,-1.6439795926
322.58,23.0367657229,12.3808533601,2.7761943237,2.7196590545
322.6,20.7781754683,8.1292903424,5.320346514,7.7048648905
322.62,22.4190755705,5.077179316,6.4281326221,11.9172510059
322.64,23.0094821889,1.156260296,7.8049370901,17.2790500042
322.66,20.682571758,-2.4076969984,9.9321786297,22.1275728334
322.68,21.1013594753,-3.7977586843,10.9629962461,24.5028486046
322.7,20.7976257743,-6.193307355,12.345727975,27.7598401748
322.72,17.9203033325,-8.8481292771,14.5027627924,30.6430742472
322.74,19.1229424225,-8.436670777,14.3863295898,29.6465285932
322.76,20.3638532358,-11.100656439,14.9683986274,31.5258985029
322.78,20.6275378704,-12.8986573397,14.5289193907,33.4855834342
322.8,22.8047713031,-11.4671253198,13.1320996785,31.467437586
322.82,26.5546413748,-10.3783807574,10.0589326784,31.3416134704
322.84,30.3309709596,-7.8125186122,5.5096322321,29.4126731312
322.86,35.5802617584,-5.7170823206,1.8770768598,27.1836462041
322.88,42.0095588722,-4.3020758687,-2.9071397775,27.1246004988
322.9,49.0277597935,0.498072483,-10.4214386443,23.8425928524
322.92,55.2198791802,5.7076404402,-15.9737536028,19.1546173122
322.94,60.1433473203,8.8541843612,-20.8756053249,16.8366884132
322.96,61.6070301267,12.2538842267,-24.6994655608,14.0459124042
322.98,64.0383076393,17.8770128543,-28.1893077983,8.6495934965
323,61.9113832404,22.3898083432,-29.4813777596,4.6883259347
323.02,62.672016495,30.8683221615,-35.2928743471,-2.3967188903
323.04,67.3564215773,40.783249858,-42.7450314668,-10.659873457
323.06,70.5032554313,48.1964369398,-48.9050770268,-16.0980410155
323.08,72.3226529948,55.8761668218,-55.1530732868,-21.8606600419
323.1,75.0257192493,63.0193054474,-59.8678830774,-28.2804187385
323.12,73.8839907254,66.3496478096,-61.8171874124,-32.101895589
323.14,69.3709219402,68.6315483074,-62.5027539836,-37.1145020966
323.16,63.742702745,68.9155137848,-60.2638709138,-41.7118949032
323.18,55.9109885076,66.4279394935,-55.9253943328,-43.2906207962
323.2,47.2881858229,63.7327152997,-51.6869556621,-44.9320375987
323.22,41.2353464314,61.7216892359,-46.555759527,-47.1380292828
323.24,35.911806267,58.2825932778,-42.0028762411,-46.1854580889
323.26,30.2241814407,55.2916498209,-38.4073852175,-46.0735365624
323.28,27.3051461488,54.3578313893,-35.4162118378,-48.3298544865
323.3,22.4010158698,49.6207211249,-29.7792818827,-46.1457272841
323.32,16.9236130412,46.1391434653,-24.3707068987,-43.764279073
323.34,13.1437097217,42.7633844649,-18.5821353894,-42.3045018134
323.36,11.0719906403,36.9650780003,-12.7833026143,-35.9728525396
323.38,11.5047506139,34.6030079262,-10.5736575176,-31.7633545536
323.4,9.8124883335,31.206487812,-5.0493047176,-28.0313997267
323.42,5.8326146436,25.3531199936,1.9427691082,-21.5244842248
323.44,3.90072557,20.6400915304,6.1774643939,-15.2758280579
323.46,1.7315077925,15.2654680584,12.2146037853,-9.3041024966
323.48,0.373427853,10.6912301094,15.8318200814,-3.0224946364
323.5,-1.5984993544,6.7672703153,18.5430186687,2.0602841624
323.52,-2.5663892718,2.585450187,22.20517929,6.9865725897
323.54,-2.959805836,-2.8263278003,25.3863103269,13.9695749318
323.56,-1.7912216432,-5.4598223577,25.0619293153,18.8153636703
323.58,-2.2092337057,-9.3899249879,28.0758349281,23.506311684
323.6,-1.1117521805,-11.3999492893,28.5461637931,28.1751157532
323.62,0.0264428968,-13.056762024,27.9080280832,31.1342894005
323.64,1.6424726951,-14.3627318821,28.2216558512,32.362920006
323.66,4.4473435972,-17.1010962439,27.7705289701,35.137647202
323.68,8.2323712403,-16.8249844535,24.4602395947,35.9309289373
323.7,14.9430923881,-12.4097399231,18.9137433675,32.4523765328
323.72,20.5799060361,-10.3535784102,14.5664538948,31.0511046131
323.74,25.9766852529,-7.0165972729,8.9019511139,28.9935141264
323.76,33.4239893193,-0.5203709151,1.952351717,23.4296026316
323.78,38.7067654811,3.9167244679,-3.7319887184,19.5527464844
323.8,41.6536637427,6.1407080436,-7.6283646574,17.3035891943
323.82,45.4962320769,10.9408023876,-11.7235813901,12.6679795989
323.84,49.0042976175,14.6540049072,-15.7007408094,10.0175615597
323.86,49.9689235352,18.6374563656,-19.084838738,6.795455906
323.88,53.272868165,23.4623568122,-22.7874544601,2.3824075734
323.9,56.9880257021,27.255469012,-27.3759167122,-0.1968477368
323.92,58.4719391696,33.5519860023,-32.7128080375,-4.539221683
323.94,61.2903712021,41.2844735468,-37.6343807436,-11.5692069255
323.96,64.0751397599,48.021066407,-43.2120409523,-17.0930294655
323.98,64.2829471454,53.067741312,-47.2732844049,-21.2327348713
324,65.551575058,58.0411462431,-50.3041027104,-26.6139851262
324.02,68.1288205934,63.1301288514,-55.3772896591,-31.48954737
324.04,65.6783578865,65.9756815551,-57.732659644,-36.0757133235
324.06,61.4416968449,67.4203525425,-56.9777932836,-41.591117831
324.08,55.8547690297,68.3404365073,-56.4692811164,-47.2626174148
324.1,42.5244770567,63.4775209847,-49.3583570304,-48.8786804393
324.12,32.0199677812,59.4966257518,-42.3998617022,-51.7421197888
324.14,22.5124123969,53.6544823099,-35.2193794563,-50.20587328
324.16,16.5006637099,50.8604152706,-31.9723839811,-50.7043467997
324.18,16.5198333151,52.7011205359,-32.4024510289,-55.168606707
324.2,14.5587226617,50.8044702159,-29.7950618858,-54.931756057
324.22,8.3537807812,45.0835790255,-22.3300822969,-51.8886050536
324.24,1.8186642878,37.6652282284,-11.4880741393,-46.6092445193
324.26,-1.5004540015,32.0965476102,-4.2055694732,-40.2837312116
324.28,-7.7492079171,26.6239915238,3.782122751,-34.3893453182
324.3,-11.5144204202,20.5662109076,12.2125094921,-28.0616265385
324.32,-12.6320956385,15.2786341038,18.078406277,-19.3383705869
324.34,-14.7864331169,9.2625555437,23.4524859579,-10.6737779431
324.36,-13.7210250876,4.2630520936,27.4450628091,-3.1441854737
324.38,-10.9365011138,-2.1093895796,29.8759518166,7.0633767956
324.4,-10.8171513679,-7.4166665312,31.9383394226,15.4916272312
324.42,-10.04752431,-10.5821932608,33.8593836755,20.3886880363
324.44,-10.1752691459,-14.9875793072,36.0030438637,26.1599906152
324.46,-10.7381998611,-18.7745644548,37.2423775751,31.4834190118
324.48,-8.1127848526,-21.8126470393,37.7742579808,36.2077027834
324.5,-4.9067224536,-23.2838416049,36.387414195,40.1861356686
324.52,-1.1824303563,-22.3599100681,32.651166277,41.3312560778
324.54,3.5261991844,-20.0053199512,29.3427586722,39.842821281
324.56,8.5744793146,-15.9939476174,24.3011990953,36.8033957409
324.58,11.2252610458,-12.8235718298,20.5139837034,33.6846695702
324.6,17.4638148879,-8.6474061547,15.9347428365,29.0881713268
324.62,25.4534835574,-2.863781584,8.5173702492,24.6559449956
324.64,31.46336089,2.0190897009,1.7840681887,20.5629433157
324.66,38.5789013315,8.5567791277,-5.0879014478,14.6562221572
324.68,43.023192642,11.9412003986,-9.5651263687,12.6180117168
324.7,46.4606340735,15.6265937475,-14.6181681564,9.7681045923
324.72,51.1878851897,20.5376539639,-19.3621672633,5.1774216533
324.74,53.68364668,24.7510560256,-23.257597152,2.0565074423
324.76,55.0447312712,28.706426143,-26.9333341475,-1.2380011992
324.78,56.4056971207,33.1189478198,-29.2455252984,-6.1481505908
324.8,58.5317316163,38.2792821527,-33.5688428147,-10.3014576934
324.82,60.918577508,44.512288326,-39.2340606202,-14.6630144775
324.84,65.2103636535,51.5034301753,-45.1699415677,-20.468229725
324.86,67.9281552447,57.3463099788,-50.1687730523,-24.4332545374
324.88,69.1536068773,62.9901680851,-55.6894697724,-29.0191686805
324.9,74.1476350749,71.7909173331,-63.545232338,-37.5568005887
324.92,74.8654375979,76.095920332,-66.8596793517,-41.8461121128
324.94,72.6079617547,79.0194778106,-68.5664419289,-45.6397240308
324.96,69.9031228746,81.5641828838,-68.6356613606,-51.2898385187
